연번,이름,생년월일,현재 나이,연령대,성별,휴대폰 번호,이메일,고객 구분,주소,거주 지역,인구 밀도,아이디,가입일,가입 이후 경과 기간,고객 등급,회원가입 이후 구매 이력,최근 구매 제품,차량 사이즈,차량 유형,연료 구분,최근 구매 날짜,최근 구매 시점,최근 구매 요일,마지막 구매 이후 경과 기간,최근 구매 당시 나이,최근 거래 금액,선호 거래 방식,선호 구매 경로,차량 구매 횟수,신차 구매 지수,브랜드 충성도 지수
1,강주온,2002-03-04,23,20대,남,010-6502-8753,janisi@himedia.co.kr,법인,인천광역시 남동구 구월동 88-10,인천광역시,2820,14798,2023-04-01,719,일반,O,Avante (CN7 N),준중형,세단,휘발유,2024-04-04,2분기,평일,350,22,34170000,신용카드,오프라인,1,0.002,0.135
2,김경수,1983-01-02,42,40대,남,010-1111-2222,kimkyoungsoo31@himedia.co.kr,법인,광주광역시 서구 치평동 14-7,광주광역시,2921,kyoungsoo031,2025-02-09,39,VIP,O,G80 (RG3),대형,세단,휘발유,2025-02-10,1분기,평일,38,42,83110000,신용카드,오프라인,5,0.508,0.037
3,김다은,1999-05-02,26,20대,여,010-6789-0123,kimdaeun26@himedia.co.kr,법인,부산광역시 해운대구 우동 101-12,부산광역시,4258,daeun026,2025-02-28,20,신규,O,NEXO (FE),중형,SUV,수소,2025-03-10,1분기,평일,10,26,72200000,계좌이체,오프라인,1,0.161,0.004
4,김민수,1960-07-01,65,60대,남,010-1234-5678,kimminsu1@himedia.co.kr,법인,전라남도 목포시 부주동 77-8,전라남도 목포시,4093,minsu001,2023-04-28,692,일반,O,Santa-Fe ™,중형,SUV,디젤,2023-05-01,2분기,평일,689,63,43150000,현금,오프라인,1,0.002,0.13
5,김승현,1970-03-02,55,50대,남,010-0123-4567,kimseunghyun20@himedia.co.kr,법인,경기도 수원시 영통구 원천동 12-34,경기도 수원시,9879,seunghyun020,2023-09-18,549,일반,O,G70 (IK),중형,세단,휘발유,2023-10-01,4분기,주말,536,53,50130000,신용카드,오프라인,1,0.004,0.103
6,김영철,1959-08-03,66,60대,남,010-6789-0123,kimyoungcheol6@himedia.co.kr,법인,울산광역시 남구 달동 23-5,울산광역시,1041,youngcheol006,2023-02-01,778,일반,O,G70 (IK),중형,세단,휘발유,2023-02-01,1분기,평일,778,64,48640000,신용카드,오프라인,1,0.003,0.146
7,김윤희,1998-01-02,27,20대,여,010-2345-6789,leesujin2@himedia.co.kr,법인,경기도 수원시 영통구 원천동 12-34,경기도 수원시,9879,sujin002,2023-07-11,618,일반,O,IONIQ (AE EV),준중형,해치백,전기,2023-07-18,3분기,평일,611,25,73430000,신용카드,온라인,1,0.003,0.116
9,김진수,1980-04-06,45,40대,남,010-6789-9876,kimjinsu35@himedia.co.kr,법인,인천광역시 남동구 구월동 88-10,인천광역시,2820,jinsu035,2023-01-01,809,일반,O,IONIQ (AE EV),준중형,해치백,전기,2023-01-03,1분기,평일,807,43,74470000,신용카드,오프라인,1,0.003,0.152
10,박민정,1977-08-05,48,40대,여,010-8901-2345,parkminjeong8@himedia.co.kr,법인,서울특별시 종로구 청운동 67-89,서울특별시,15533,minjeong008,2024-04-01,353,일반,O,IONIQ 6 (CE),중형,세단,전기,2024-04-06,2분기,주말,348,47,39750000,신용카드,오프라인,1,0.008,0.066
11,박수연,1990-11-24,35,30대,여,010-2345-5432,parksuyeon33@himedia.co.kr,법인,경상남도 창원시 의창구 봉곡동 48-6,경상남도 창원시,1338,suyeon033,2024-11-08,132,VIP,O,G90 (HI),대형,세단,휘발유,2024-12-03,4분기,평일,107,34,136520000,계좌이체,오프라인,5,0.174,0.124
12,박영희,1988-05-07,37,30대,여,010-3456-7890,parkyeonghee3@himedia.co.kr,법인,전라북도 전주시 완산구 덕진동 33-7,전라북도 전주시,3099,yeonghee003,2023-06-07,652,VIP,O,Santa-Fe (MX5 PHEV),중형,SUV,플러그인 하이브리드,2023-07-07,3분기,평일,622,35,44130000,현금,오프라인,2,0.007,0.245
13,박준석,1997-08-05,28,20대,남,010-8901-2345,parkjoonseok28@himedia.co.kr,법인,충청북도 청주시 상당구 낙실동 9-1,충청북도 청주시,907,joonseok028,2024-12-12,98,신규,O,Avante (CN7 N),준중형,세단,휘발유,2025-01-02,1분기,평일,77,28,35530000,계좌이체,오프라인,1,0.017,0.018
14,박지수,1996-01-02,29,20대,여,010-2345-6789,parkjisu22@himedia.co.kr,법인,광주광역시 서구 치평동 14-7,광주광역시,2921,jisu022,2024-01-13,432,VIP,O,Santa-Fe ™,중형,SUV,디젤,2024-02-03,1분기,주말,411,28,35780000,계좌이체,오프라인,2,0.007,0.162
15,박찬우,1980-02-04,45,40대,남,010-8901-2345,parkchanwoo37@himedia.co.kr,법인,경기도 성남시 분당구 정자동 56-78,경기도 성남시,6467,chanwoo037,2023-06-28,631,VIP,O,Avante (CN7 N),준중형,세단,휘발유,2023-08-07,3분기,평일,591,43,41000000,신용카드,오프라인,3,0.008,0.356
16,이동훈,1985-01-07,40,40대,남,010-5678-9012,leedonghoon15@himedia.co.kr,법인,울산광역시 남구 달동 23-5,울산광역시,1041,donghoon015,2024-04-18,336,일반,O,Grandeur (GN7 HEV),준대형,세단,하이브리드,2024-05-06,2분기,평일,318,39,50880000,신용카드,오프라인,1,0.007,0.063
17,이상미,1966-07-01,59,50대,여,010-2345-6789,leesangmi41@himedia.co.kr,법인,경상남도 창원시 의창구 봉곡동 48-6,경상남도 창원시,1338,sangmi041,2024-09-18,183,신규,O,Santa-Fe ™,중형,SUV,디젤,2024-10-03,4분기,평일,168,58,46780000,신용카드,오프라인,1,0.009,0.034
18,이상훈,1974-01-02,51,50대,남,010-4567-8901,leesanghoon24@himedia.co.kr,법인,서울특별시 종로구 청운동 67-89,서울특별시,15533,sanghoon024,2024-01-13,432,일반,O,Tucson (NX4 PHEV),준중형,SUV,플러그인 하이브리드,2024-02-27,1분기,평일,387,50,39160000,신용카드,오프라인,1,0.004,0.081
19,이상희,1972-06-01,53,50대,남,010-2345-6789,leeshanghee12@himedia.co.kr,법인,경상북도 포항시 남구 대도동 19-2,경상북도 포항시,436,shanghee012,2023-04-28,692,일반,O,Grandeur (GN7 HEV),준대형,세단,하이브리드,2023-05-07,2분기,주말,683,51,50090000,신용카드,오프라인,1,0.003,0.13
20,이은지,1988-03-06,37,30대,남,010-7890-1234,leeunji27@himedia.co.kr,법인,부산광역시 해운대구 우동 101-12,부산광역시,4258,unji027,2024-08-11,221,일반,O,Grandeur (GN7 HEV),준대형,세단,하이브리드,2024-08-15,3분기,평일,217,36,52670000,신용카드,오프라인,1,0.011,0.042
21,이정민,1984-05-06,41,40대,남,010-9012-3456,leejeongmin19@himedia.co.kr,법인,경기도 성남시 분당구 정자동 56-78,경기도 성남시,6467,jeongmin019,2024-01-07,438,일반,O,G70 (IK),중형,세단,휘발유,2024-01-15,1분기,평일,430,40,50090000,신용카드,오프라인,1,0.005,0.082
22,이주호,1987-02-03,38,30대,남,010-1234-4321,leejooho32@himedia.co.kr,법인,서울특별시 종로구 청운동 67-89,서울특별시,15533,jooho032,2024-10-19,152,VIP,O,G90 (RS4),프리미엄,세단,휘발유,2024-12-16,4분기,평일,94,37,146620000,신용카드,오프라인,5,0.204,0.143
23,이하늘,1989-04-03,36,30대,남,010-7890-1234,leehaneul36@himedia.co.kr,법인,광주광역시 서구 치평동 14-7,광주광역시,2921,haneul036,2024-09-22,179,VIP,O,Santa-Fe ™,중형,SUV,디젤,2024-09-25,3분기,평일,176,35,36770000,신용카드,오프라인,3,0.027,0.101
24,이현주,1972-05-02,53,50대,여,010-7890-4754,leeheonjoo7@himedia.co.kr,법인,전라북도 전주시 완산구 덕진동 33-7,전라북도 전주시,3099,heonjoo007,2025-01-01,78,VIP,O,IONIQ (AE EV),준중형,해치백,전기,2025-01-11,1분기,주말,68,53,69760000,신용카드,오프라인,2,0.053,0.029
25,정미래,1971-06-04,54,50대,여,010-9012-3456,jeongmirae29@himedia.co.kr,법인,경기도 성남시 분당구 정자동 56-78,경기도 성남시,6467,mirae029,2024-02-28,386,VIP,O,Grandeur (GN7 HEV),준대형,세단,하이브리드,2024-04-22,2분기,평일,332,53,56570000,신용카드,오프라인,2,0.013,0.145
26,정미선,1975-02-04,50,50대,남,010-8901-2345,jeongmiseon18@himedia.co.kr,법인,충청북도 청주시 상당구 낙실동 9-1,충청북도 청주시,907,miseon018,2023-06-04,655,일반,O,Tucson (NX4 PHEV),준중형,SUV,플러그인 하이브리드,2023-07-08,3분기,주말,621,48,37140000,신용카드,오프라인,1,0.003,0.123
27,정상훈,1996-05-02,29,20대,남,010-9012-3456,jeongsanghoon38@himedia.co.kr,법인,경상북도 포항시 남구 대도동 19-2,경상북도 포항시,436,sanghoon038,2023-08-17,581,일반,O,Grandeur (GN7 HEV),준대형,세단,하이브리드,2023-08-19,3분기,주말,579,27,45210000,신용카드,오프라인,1,0.004,0.109
28,정영철,1985-04-02,40,40대,남,010-5678-9012,jeongyoungcheol25@himedia.co.kr,법인,서울특별시 강남구 역삼동 123-45,서울특별시,15533,youngcheol025,2024-04-08,346,일반,O,Palisade (LX2),준대형,SUV,디젤,2024-05-16,2분기,평일,308,39,58600000,신용카드,오프라인,1,0.008,0.065
29,정은혜,2001-04-06,24,20대,여,010-5678-8765,jeongeunhye100@himedia.co.kr,법인,서울특별시 종로구 청운동 67-89,서울특별시,15533,eunhye100,2024-08-13,219,일반,O,Avante (CN7 N),준중형,세단,휘발유,2024-09-11,3분기,평일,190,23,33130000,신용카드,오프라인,1,0.007,0.041
30,정지우,1983-02-04,42,40대,남,010-4567-8901,jeongjiwoo14@himedia.co.kr,법인,경기도 수원시 영통구 원천동 12-34,경기도 수원시,9879,jiwoo014,2024-07-20,243,일반,O,i30 (PD),준중형,해치백,휘발유,2024-07-28,3분기,주말,235,41,22190000,신용카드,오프라인,1,0.005,0.046
31,정태수,1962-05-06,63,60대,남,010-0123-4567,jeongtaesu10@himedia.co.kr,법인,서울특별시 종로구 청운동 67-89,서울특별시,15533,taesu010,2024-11-18,122,신규,O,Grandeur (GN7 HEV),준대형,세단,하이브리드,2024-12-25,4분기,평일,85,62,44000000,신용카드,오프라인,1,0.02,0.023
32,정하윤,1999-07-07,26,20대,여,010-5678-9012,jeonghayun5@himedia.co.kr,법인,충청남도 천안시 동남구 성성동 22-3,충청남도 천안시,1036,hayun005,2024-11-11,129,VIP,O,i30 (PD),준중형,해치백,휘발유,2024-11-18,4분기,평일,122,25,21960000,신용카드,오프라인,2,0.018,0.048
33,최강호,1992-04-05,33,30대,남,010-7890-1234,choikangho17@himedia.co.kr,법인,울산광역시 남구 달동 23-5,울산광역시,1041,kangho017,2024-01-10,435,일반,O,IONIQ (AE EV),준중형,해치백,전기,2024-01-16,1분기,평일,429,32,71450000,신용카드,온라인,1,0.005,0.082
34,최민우,1977-05-02,48,40대,남,010-3456-7890,choiminwoo13@himedia.co.kr,법인,경기도 성남시 분당구 정자동 56-78,경기도 성남시,6467,minwoo013,2024-05-11,313,일반,O,Palisade (LX2),준대형,SUV,디젤,2024-06-28,2분기,평일,265,47,53320000,신용카드,오프라인,1,0.009,0.059
35,최영호,1966-03-02,59,50대,남,010-3456-7890,choiyeongho23@himedia.co.kr,법인,경기도 성남시 분당구 정자동 56-78,경기도 성남시,6467,yeongho023,2025-01-01,78,신규,O,Avante (CN7 N),준중형,세단,휘발유,2025-01-11,1분기,주말,68,59,35840000,신용카드,오프라인,1,0.021,0.015
36,최지훈,1978-09-05,47,40대,남,010-4567-8901,choijihun4@himedia.co.kr,법인,충청남도 천안시 동남구 성성동 22-3,충청남도 천안시,1036,jihun004,2023-03-28,723,일반,O,i30 (PD),준중형,해치백,휘발유,2023-04-25,2분기,평일,695,45,25470000,신용카드,오프라인,1,0.002,0.136
37,한서희,1975-03-05,50,50대,여,010-1234-5678,kimhana11@himedia.co.kr,법인,서울특별시 종로구 청운동 67-89,서울특별시,15533,hana011,2024-05-18,306,일반,O,IONIQ (AE EV),준중형,해치백,전기,2024-06-02,2분기,주말,291,49,79010000,신용카드,오프라인,1,0.007,0.058
38,한예빈,1997-08-01,28,20대,여,010-6789-0123,parksoyeong16@himedia.co.kr,법인,충청북도 청주시 상당구 낙실동 9-1,충청북도 청주시,907,soyeong016,2024-06-28,265,일반,O,Santa-Fe ™,중형,SUV,디젤,2024-07-08,3분기,평일,255,27,37800000,신용카드,오프라인,1,0.006,0.05
39,홍상훈,1994-12-01,31,30대,남,010-0123-4567,hongsanghoon30@himedia.co.kr,법인,부산광역시 해운대구 우동 101-12,부산광역시,4258,sanghoon030,2024-02-03,411,일반,O,i30 (PD),준중형,해치백,휘발유,2024-02-22,1분기,평일,392,30,26440000,신용카드,오프라인,1,0.003,0.077
40,홍성우,1999-06-02,26,20대,남,010-1234-5678,honggildong21@himedia.co.kr,법인,울산광역시 남구 달동 23-5,울산광역시,1041,gildong021,2023-08-18,580,VIP,O,Palisade (LX2),준대형,SUV,디젤,2023-09-30,3분기,주말,537,24,44340000,신용카드,온라인,2,0.009,0.218
41,홍수진,1970-03-09,55,50대,남,010-0123-4567,hongsujin39@himedia.co.kr,법인,인천광역시 남동구 구월동 88-10,인천광역시,2820,sujin039,2023-03-03,748,일반,O,Grandeur (GN7 HEV),준대형,세단,하이브리드,2023-03-03,1분기,평일,748,53,46920000,신용카드,오프라인,1,0.003,0.141
42,홍지민,1980-11-10,45,40대,남,010-9012-3456,hongjimin9@himedia.co.kr,법인,경상북도 포항시 남구 대도동 19-2,경상북도 포항시,436,jimin009,2024-07-07,256,일반,O,Grandeur (GN7 HEV),준대형,세단,하이브리드,2024-07-08,3분기,평일,255,44,47130000,신용카드,온라인,1,0.009,0.048
43,김하윤,1960-03-12,65,60대,남,054-555-6645,sunoggim@cagim.kr,개인,부산광역시 해운대구 우동 101-12,부산광역시,4258,seonyeongmun,2024-09-26,175,VIP,X,Avante (CN7 N),준중형,세단,휘발유,2023-05-04,2분기,평일,686,63,36440000,신용카드,오프라인,2,0.043,0.066
44,이지원,1959-11-17,66,60대,여,032-566-6729,lju@nate.com,개인,경기도 수원시 영통구 원천동 12-34,경기도 수원시,9879,gimgyeongja,2022-03-22,1094,일반,O,Santa-Fe ™,중형,SUV,디젤,2024-07-04,3분기,평일,259,65,49880000,신용카드,온라인,1,0.003,0.206
45,박미영,1980-11-09,45,40대,남,041-065-8495,eungyeonggim@hanmail.net,개인,충청남도 천안시 동남구 성성동 22-3,충청남도 천안시,1036,gyun,2024-05-09,315,일반,X,G80 (RG3),대형,세단,휘발유,2024-01-07,1분기,주말,438,44,90000000,신용카드,온라인,1,0.006,0.059
46,이정수,1996-12-13,29,20대,남,052-162-4161,rcoe@daum.net,개인,울산광역시 남구 달동 23-5,울산광역시,1041,namsumin,2023-05-25,665,VIP,O,Santa-Fe ™,중형,SUV,디젤,2024-07-04,3분기,평일,259,28,36240000,현금,온라인,5,0.013,0.625
47,최현지,1994-06-26,31,30대,남,070-0392-0424,yeweon24@ju.kr,개인,대구광역시 수성구 범어동 55-3,대구광역시,2666,jihungim,2022-07-22,972,일반,O,Avante (CN7 N),준중형,세단,휘발유,2023-05-22,2분기,평일,668,29,33690000,신용카드,오프라인,1,0.004,0.183
48,김도현,1987-01-09,38,30대,남,032-127-1765,jeongsig00@jusighoesa.com,개인,경상북도 포항시 남구 대도동 19-2,경상북도 포항시,436,sumin33,2024-09-27,174,VIP,X,NEXO (FE),중형,SUV,수소,2023-06-17,2분기,주말,642,36,71110000,계좌이체,오프라인,4,0.053,0.131
49,송성민,1976-01-24,49,40대,여,041-012-7092,gangeunji@yuhanhoesa.net,개인,경기도 성남시 분당구 정자동 56-78,경기도 성남시,6467,bagogsun,2022-11-05,866,VIP,O,NEXO (FE),중형,SUV,수소,2023-08-27,3분기,주말,571,47,71910000,현금,온라인,4,0.012,0.651
50,김민지,1998-01-27,27,20대,남,041-688-2563,ki@live.com,개인,경상북도 포항시 남구 대도동 19-2,경상북도 포항시,436,jia18,2024-09-22,179,VIP,X,Avante (CN7 N),준중형,세단,휘발유,2023-09-19,3분기,평일,548,25,40450000,현금,오프라인,2,0.028,0.067
51,이성현,1974-04-23,51,50대,남,054-902-5788,minjunhan@jusighoesa.com,개인,울산광역시 남구 달동 23-5,울산광역시,1041,lgang,2023-02-04,775,일반,O,G70 (IK),중형,세단,휘발유,2023-05-22,2분기,평일,668,49,46680000,계좌이체,온라인,1,0.003,0.146
52,박주원,1956-02-25,69,60대,남,02-1448-5380,ugim@munio.net,개인,인천광역시 남동구 구월동 88-10,인천광역시,2820,coehyeonji,2023-12-19,457,VIP,O,Santa-Fe ™,중형,SUV,디젤,2024-11-28,4분기,평일,112,68,47000000,현금,오프라인,5,0.038,0.43
53,김민석,1980-04-09,45,40대,여,031-673-1720,lgim@yuhanhoesa.net,개인,경기도 수원시 영통구 원천동 12-34,경기도 수원시,9879,hongjiweon,2023-02-20,759,VIP,O,Santa-Fe ™,중형,SUV,디젤,2024-06-03,2분기,평일,290,44,46270000,계좌이체,오프라인,2,0.008,0.285
54,조영순,1980-12-19,45,40대,여,032-871-9659,jaeho07@yu.com,개인,울산광역시 남구 달동 23-5,울산광역시,1041,jihyeon92,2023-02-22,757,VIP,O,Santa-Fe ™,중형,SUV,디젤,2025-02-13,1분기,평일,35,45,40880000,계좌이체,오프라인,2,0.011,0.285
55,김옥자,1967-03-24,58,50대,여,010-0631-9882,jeongsu99@yuhanhoesa.com,개인,대전광역시 유성구 봉명동 44-2,대전광역시,2731,yunseosong,2022-12-03,838,일반,O,Avante (CN7 N),준중형,세단,휘발유,2023-04-05,2분기,평일,715,56,40070000,신용카드,온라인,1,0.005,0.158
56,정지영,1977-11-10,48,40대,여,055-306-7917,gyeonghyi68@isongseo.kr,개인,전라북도 전주시 완산구 덕진동 33-7,전라북도 전주시,3099,ni,2024-12-16,94,VIP,X,NEXO (FE),중형,SUV,수소,2024-04-17,2분기,평일,337,47,72230000,계좌이체,온라인,2,0.064,0.035
57,최성호,1962-07-02,63,60대,남,044-677-0796,seojuncoe@oyun.com,개인,대구광역시 수성구 범어동 55-3,대구광역시,2666,junyeongcoe,2022-12-19,822,VIP,O,Santa-Fe ™,중형,SUV,디젤,2025-02-13,1분기,평일,35,63,42840000,신용카드,온라인,5,0.022,0.773
58,서은정,2005-03-04,20,20대,여,032-170-6440,ugim@daum.net,개인,서울특별시 종로구 청운동 67-89,서울특별시,15533,seoyeon90,2024-07-07,256,VIP,O,G70 (IK),중형,세단,휘발유,2024-08-31,3분기,주말,201,19,49950000,계좌이체,온라인,5,0.052,0.241
59,구도현,1985-06-07,40,40대,남,054-487-5794,sanghyeon16@ju.com,개인,대전광역시 유성구 봉명동 44-2,대전광역시,2731,jihyeon11,2024-08-28,204,VIP,X,G80 (RG3),대형,세단,휘발유,2023-12-11,4분기,평일,465,38,89470000,현금,온라인,2,0.027,0.077
60,안민수,1965-07-21,60,60대,남,064-759-4881,yeonghyi48@yu.kr,개인,충청남도 천안시 동남구 성성동 22-3,충청남도 천안시,1036,pi,2024-08-24,208,일반,X,NEXO (FE),중형,SUV,수소,2023-06-07,2분기,평일,652,58,69600000,현금,오프라인,1,0.01,0.039
61,남예진,1972-09-24,53,50대,남,042-496-3606,sanghun79@hanmail.net,개인,대구광역시 수성구 범어동 55-3,대구광역시,2666,whan,2024-08-14,218,일반,X,Avante (CN7 N),준중형,세단,휘발유,2024-04-16,2분기,평일,338,52,35500000,현금,오프라인,1,0.016,0.041
62,엄재현,1999-03-22,26,20대,남,052-154-1236,gangjunhyeog@gmail.com,개인,충청남도 천안시 동남구 성성동 22-3,충청남도 천안시,1036,jidonghyeon,2024-02-04,410,일반,O,NEXO (FE),중형,SUV,수소,2024-02-11,1분기,주말,403,25,69780000,현금,온라인,1,0.008,0.077
63,서미정,1961-05-05,64,60대,여,041-966-9178,jeongsug39@bagjang.net,개인,대구광역시 수성구 범어동 55-3,대구광역시,2666,seunghyeongim,2023-07-28,601,VIP,X,G70 (IK),중형,세단,휘발유,2023-04-15,2분기,주말,705,62,46830000,계좌이체,오프라인,3,0.012,0.339
64,김상훈,1954-03-13,71,70대,남,063-532-6061,ogsunmun@nate.com,개인,충청남도 천안시 동남구 성성동 22-3,충청남도 천안시,1036,lgim,2024-11-04,136,VIP,O,G70 (IK),중형,세단,휘발유,2024-12-19,4분기,평일,91,70,49140000,계좌이체,오프라인,4,0.119,0.102
65,김정수,2002-09-24,23,20대,여,041-960-0393,rbag@yuhanhoesa.com,개인,전라북도 전주시 완산구 덕진동 33-7,전라북도 전주시,3099,minjaegim,2025-01-08,71,VIP,X,Avante (CN7 N),준중형,세단,휘발유,2024-06-26,2분기,평일,267,22,39890000,현금,오프라인,4,0.208,0.053
66,김미경,1984-07-29,41,40대,남,033-638-1854,jugwangsu@jusighoesa.net,개인,경기도 수원시 영통구 원천동 12-34,경기도 수원시,9879,seohyeon32,2023-07-07,622,VIP,X,G70 (IK),중형,세단,휘발유,2023-05-15,2분기,평일,675,39,46060000,신용카드,오프라인,2,0.012,0.234
67,김은영,1978-02-13,47,40대,여,053-885-4603,egang@icoe.com,개인,충청북도 청주시 상당구 낙실동 9-1,충청북도 청주시,907,sangceolcoe,2023-06-22,637,VIP,O,G80 (RG3),대형,세단,휘발유,2023-12-09,4분기,주말,467,45,89880000,현금,온라인,3,0.009,0.359
68,진아름,2001-04-12,24,20대,여,011-666-3726,bgang@yuhanhoesa.kr,개인,부산광역시 해운대구 우동 101-12,부산광역시,4258,ai,2023-10-27,510,VIP,O,G70 (IK),중형,세단,휘발유,2024-10-12,4분기,주말,159,23,45780000,계좌이체,오프라인,4,0.022,0.383
69,손병철,1975-06-29,50,50대,남,054-059-8995,ogim@yu.com,개인,서울특별시 종로구 청운동 67-89,서울특별시,15533,seonghun39,2025-01-25,54,VIP,X,NEXO (FE),중형,SUV,수소,2024-09-02,3분기,평일,199,49,70960000,계좌이체,온라인,2,0.064,0.02
70,윤경희,1973-09-17,52,50대,남,062-112-1913,hyeonugim@yuhanhoesa.com,개인,경상남도 창원시 의창구 봉곡동 48-6,경상남도 창원시,1338,yejungang,2022-12-11,830,VIP,O,G70 (IK),중형,세단,휘발유,2023-07-20,3분기,평일,609,50,48380000,현금,오프라인,5,0.02,0.78
71,이정자,2004-03-16,21,20대,여,010-2415-1251,hgim@daum.net,개인,충청남도 천안시 동남구 성성동 22-3,충청남도 천안시,1036,myeongsug84,2024-02-01,413,VIP,X,Avante (CN7 N),준중형,세단,휘발유,2023-08-26,3분기,주말,572,19,33910000,계좌이체,온라인,5,0.019,0.388
72,김현준,1957-10-24,68,60대,남,011-345-1098,rgim@dreamwiz.com,개인,대구광역시 수성구 범어동 55-3,대구광역시,2666,jihye30,2022-05-10,1045,VIP,O,Santa-Fe ™,중형,SUV,디젤,2023-09-16,3분기,주말,551,66,39950000,계좌이체,오프라인,4,0.014,0.786
73,최채원,1958-05-01,67,60대,남,053-541-6149,caeweon12@live.com,개인,경상북도 포항시 남구 대도동 19-2,경상북도 포항시,436,jhan,2024-01-03,442,VIP,O,G80 (RG3),대형,세단,휘발유,2024-06-07,2분기,평일,286,66,84180000,신용카드,오프라인,3,0.018,0.249
74,최정호,1987-04-06,38,30대,남,053-194-7742,ei@yu.com,개인,부산광역시 해운대구 우동 101-12,부산광역시,4258,jeonghoi,2024-09-28,173,VIP,X,Santa-Fe ™,중형,SUV,디젤,2023-09-30,3분기,주말,537,36,41340000,현금,오프라인,3,0.071,0.098
75,김지훈,1975-08-30,50,50대,남,064-784-0790,ieunjeong@yu.com,개인,전라북도 전주시 완산구 덕진동 33-7,전라북도 전주시,3099,mjo,2022-11-16,855,일반,O,Santa-Fe ™,중형,SUV,디젤,2023-03-18,1분기,주말,733,48,51190000,현금,온라인,1,0.005,0.161
76,장정식,1985-04-07,40,40대,남,018-721-5422,gimjunhyeog@live.com,개인,경기도 수원시 영통구 원천동 12-34,경기도 수원시,9879,hyeonsug93,2022-12-06,835,VIP,O,Avante (CN7 N),준중형,세단,휘발유,2023-07-07,3분기,평일,622,38,40630000,신용카드,온라인,5,0.018,0.785
77,심성호,1970-01-26,55,50대,여,043-888-0413,pgim@igim.kr,개인,대전광역시 유성구 봉명동 44-2,대전광역시,2731,yujin12,2022-03-27,1089,VIP,O,NEXO (FE),중형,SUV,수소,2023-12-19,4분기,평일,457,53,69600000,신용카드,오프라인,3,0.004,0.614
78,안경수,1977-01-22,48,40대,남,042-672-7261,seonghyeongim@gmail.com,개인,대구광역시 수성구 범어동 55-3,대구광역시,2666,jeonghyibag,2022-10-10,892,VIP,O,NEXO (FE),중형,SUV,수소,2024-01-08,1분기,평일,437,47,69780000,현금,온라인,2,0.005,0.335
79,황민재,1963-02-13,62,60대,남,052-048-5499,jgim@nate.com,개인,전라남도 목포시 부주동 77-8,전라남도 목포시,4093,yeongsuni,2022-11-16,855,VIP,O,Avante (CN7 N),준중형,세단,휘발유,2024-08-07,3분기,평일,225,61,38670000,신용카드,오프라인,3,0.006,0.482
80,김혜진,1997-04-15,28,20대,남,044-287-6402,sonmijeong@yu.kr,개인,서울특별시 종로구 청운동 67-89,서울특별시,15533,eunji78,2023-11-17,489,신규,O,G80 (RG3),대형,세단,휘발유,2025-01-03,1분기,평일,76,28,86930000,신용카드,오프라인,1,0.006,0.092
81,김서준,1954-06-08,71,70대,남,055-795-0081,mundonghyeon@gimseongi.kr,개인,경상남도 창원시 의창구 봉곡동 48-6,경상남도 창원시,1338,seungminjang,2022-10-27,875,VIP,O,G80 (RG3),대형,세단,휘발유,2024-09-18,3분기,평일,183,70,89370000,신용카드,온라인,2,0.005,0.329
82,강서영,1994-01-04,31,30대,여,044-329-6982,songyeongja@dreamwiz.com,개인,서울특별시 종로구 청운동 67-89,서울특별시,15533,caeweon92,2024-07-06,257,VIP,X,NEXO (FE),중형,SUV,수소,2024-04-04,2분기,평일,350,30,71250000,계좌이체,오프라인,2,0.029,0.097
83,김지원,1958-06-02,67,60대,남,018-428-7425,minjun91@live.com,개인,광주광역시 서구 치평동 14-7,광주광역시,2921,qcoe,2023-10-09,528,VIP,O,G70 (IK),중형,세단,휘발유,2023-10-12,4분기,평일,525,65,48200000,계좌이체,온라인,5,0.021,0.496
84,구영자,1972-06-26,53,50대,여,051-551-0008,lhan@hanmail.net,개인,서울특별시 강남구 역삼동 123-45,서울특별시,15533,jeongho77,2022-12-10,831,VIP,O,Santa-Fe ™,중형,SUV,디젤,2023-11-29,4분기,평일,477,51,50380000,신용카드,온라인,5,0.024,0.781
85,장숙자,1977-04-04,48,40대,여,016-846-1892,sanghyeon29@hanmail.net,개인,울산광역시 남구 달동 23-5,울산광역시,1041,jieuncoe,2024-03-22,363,VIP,O,G70 (IK),중형,세단,휘발유,2024-09-20,3분기,평일,181,47,49770000,신용카드,온라인,2,0.018,0.136
86,최순자,1976-06-08,49,40대,남,064-717-6890,seunghyeon10@janggim.com,개인,광주광역시 서구 치평동 14-7,광주광역시,2921,ryuseonghyeon,2022-06-04,1020,VIP,O,G80 (RG3),대형,세단,휘발유,2025-02-08,1분기,주말,40,49,86460000,계좌이체,오프라인,2,0.008,0.383
87,류정숙,1985-12-18,40,40대,여,055-654-3324,anjunho@yu.kr,개인,부산광역시 해운대구 우동 101-12,부산광역시,4258,dohyeonhwang,2023-01-10,800,VIP,O,G80 (RG3),대형,세단,휘발유,2024-11-03,4분기,주말,137,39,87140000,신용카드,오프라인,2,0.01,0.301
88,김영진,1982-09-08,43,40대,남,031-093-8682,ogjacoe@dreamwiz.com,개인,충청북도 청주시 상당구 낙실동 9-1,충청북도 청주시,907,jungsu25,2025-02-18,30,VIP,X,G80 (RG3),대형,세단,휘발유,2024-11-28,4분기,평일,112,42,83540000,현금,온라인,5,0.631,0.028
89,박옥자,1997-09-02,28,20대,남,016-697-3319,ryujihyeon@coei.org,개인,광주광역시 서구 치평동 14-7,광주광역시,2921,donghyeonhwang,2025-02-17,31,VIP,X,Santa-Fe ™,중형,SUV,디젤,2023-07-13,3분기,평일,616,26,51200000,신용카드,온라인,4,0.37,0.023
90,윤경숙,1997-06-02,28,20대,여,070-9968-9396,geonu77@jusighoesa.com,개인,광주광역시 서구 치평동 14-7,광주광역시,2921,kgim,2024-03-03,382,VIP,X,G80 (RG3),대형,세단,휘발유,2023-07-07,3분기,평일,622,26,89020000,신용카드,오프라인,4,0.039,0.287
91,김지영,1971-03-05,54,50대,남,070-5521-1003,seojeonghun@igimyang.net,개인,울산광역시 남구 달동 23-5,울산광역시,1041,anyeonggil,2024-03-21,364,VIP,O,NEXO (FE),중형,SUV,수소,2025-02-21,1분기,평일,27,54,69740000,계좌이체,오프라인,3,0.03,0.205
92,이상현,1956-02-23,69,60대,여,043-363-4302,gimminjun@nate.com,개인,서울특별시 종로구 청운동 67-89,서울특별시,15533,haeun00,2023-02-25,754,VIP,O,Santa-Fe ™,중형,SUV,디젤,2025-02-23,1분기,주말,25,69,43640000,현금,오프라인,3,0.006,0.425
93,김하은,1986-02-12,39,30대,남,031-783-9984,anjeongnam@nate.com,개인,부산광역시 해운대구 우동 101-12,부산광역시,4258,yeongjagim,2023-09-17,550,VIP,O,Avante (CN7 N),준중형,세단,휘발유,2024-08-14,3분기,평일,218,38,38710000,계좌이체,오프라인,5,0.014,0.517
94,류건우,1963-11-23,62,60대,여,051-143-0807,donghyeon65@dreamwiz.com,개인,충청북도 청주시 상당구 낙실동 9-1,충청북도 청주시,907,haeun06,2022-09-06,926,VIP,O,Santa-Fe ™,중형,SUV,디젤,2023-12-27,4분기,평일,449,60,44130000,신용카드,오프라인,2,0.005,0.348
95,손지영,2000-03-31,25,20대,남,031-694-4782,baegyeongsu@dreamwiz.com,개인,인천광역시 남동구 구월동 88-10,인천광역시,2820,yangyeongja,2022-04-15,1070,VIP,O,G80 (RG3),대형,세단,휘발유,2024-11-05,4분기,평일,135,24,86160000,신용카드,온라인,4,0.013,0.805
96,김경희,1983-12-18,42,40대,남,061-628-9942,jiyeonggim@nate.com,개인,경기도 성남시 분당구 정자동 56-78,경기도 성남시,6467,xbag,2024-12-02,108,VIP,X,G70 (IK),중형,세단,휘발유,2024-07-01,3분기,평일,262,41,50490000,계좌이체,오프라인,2,0.073,0.041
97,김유진,1988-04-18,37,30대,남,063-444-8995,sugjagim@igimmun.kr,개인,인천광역시 남동구 구월동 88-10,인천광역시,2820,jihyeonbag,2023-08-18,580,VIP,O,Avante (CN7 N),준중형,세단,휘발유,2024-01-23,1분기,평일,422,36,34630000,신용카드,오프라인,5,0.035,0.545
98,장현정,1975-03-27,50,50대,여,055-283-5058,iseonghyeon@yu.kr,개인,경기도 수원시 영통구 원천동 12-34,경기도 수원시,9879,jungsuyun,2022-11-02,869,VIP,O,Santa-Fe ™,중형,SUV,디젤,2023-10-01,4분기,주말,536,48,45880000,신용카드,온라인,2,0.008,0.327
99,서정순,1984-05-24,41,40대,남,064-716-4155,dgweon@yuhanhoesa.com,개인,광주광역시 서구 치평동 14-7,광주광역시,2921,ygim,2023-09-15,552,신규,O,G80 (RG3),대형,세단,휘발유,2025-02-05,1분기,평일,43,41,84180000,현금,온라인,1,0.006,0.104
100,차상호,1999-11-25,26,20대,남,052-638-2768,jaehogim@hotmail.com,개인,경상북도 포항시 남구 대도동 19-2,경상북도 포항시,436,pgim,2022-11-08,863,VIP,O,Santa-Fe ™,중형,SUV,디젤,2024-11-04,4분기,평일,136,25,38090000,신용카드,오프라인,2,0.006,0.324
101,안주원,1987-11-12,38,30대,여,043-665-7829,seungminjang@hotmail.com,개인,충청남도 천안시 동남구 성성동 22-3,충청남도 천안시,1036,sonyeongceol,2022-10-12,890,VIP,O,NEXO (FE),중형,SUV,수소,2024-01-16,1분기,평일,429,37,71010000,계좌이체,온라인,2,0.008,0.335
102,이현숙,1977-06-26,48,40대,남,010-9540-2153,jgim@yuhanhoesa.kr,개인,광주광역시 서구 치평동 14-7,광주광역시,2921,anjeonghun,2022-03-25,1091,일반,O,G80 (RG3),대형,세단,휘발유,2023-06-18,2분기,주말,641,46,89270000,현금,온라인,1,0.002,0.205
103,윤예원,1987-05-31,38,30대,남,052-148-8058,eunyeong01@yu.org,개인,울산광역시 남구 달동 23-5,울산광역시,1041,eunyeong65,2023-10-23,514,VIP,X,NEXO (FE),중형,SUV,수소,2023-08-16,3분기,평일,582,36,70350000,신용카드,오프라인,2,0.01,0.193
104,이영진,1981-08-17,44,40대,남,054-053-6661,ihyeonsug@daum.net,개인,대구광역시 수성구 범어동 55-3,대구광역시,2666,bi,2023-08-17,581,VIP,O,Avante (CN7 N),준중형,세단,휘발유,2024-11-30,4분기,주말,110,43,36750000,현금,온라인,4,0.015,0.437
105,김정훈,1991-07-10,34,30대,남,044-714-4098,gyeonghyi99@yuo.com,개인,경상남도 창원시 의창구 봉곡동 48-6,경상남도 창원시,1338,ijeongsu,2022-05-13,1042,VIP,O,Santa-Fe ™,중형,SUV,디젤,2024-12-05,4분기,평일,105,33,49050000,신용카드,온라인,2,0.004,0.392
106,김은주,1994-04-30,31,30대,여,042-804-5898,yeongsucoe@yu.org,개인,대전광역시 유성구 봉명동 44-2,대전광역시,2731,gimjeonghun,2023-10-31,506,신규,O,G70 (IK),중형,세단,휘발유,2024-11-18,4분기,평일,122,30,44290000,계좌이체,오프라인,1,0.008,0.095
107,곽건우,1980-02-20,45,40대,남,019-873-3751,gimdoyun@gimgo.org,개인,부산광역시 해운대구 우동 101-12,부산광역시,4258,sugjagim,2023-10-19,518,VIP,O,Avante (CN7 N),준중형,세단,휘발유,2024-08-31,3분기,주말,201,44,40090000,계좌이체,오프라인,3,0.023,0.292
108,이순자,1989-05-27,36,30대,여,042-425-7384,juweoncoe@hotmail.com,개인,경상북도 포항시 남구 대도동 19-2,경상북도 포항시,436,yeji21,2023-07-27,602,VIP,X,NEXO (FE),중형,SUV,수소,2023-04-27,2분기,평일,693,34,69880000,신용카드,온라인,5,0.031,0.566
109,안민재,1969-11-21,56,50대,여,063-424-5125,sgim@hanmail.net,개인,경기도 수원시 영통구 원천동 12-34,경기도 수원시,9879,seohyeon66,2022-06-05,1019,VIP,O,G70 (IK),중형,세단,휘발유,2023-08-19,3분기,주말,579,54,47020000,신용카드,온라인,5,0.014,0.958
110,김지현,1966-09-01,59,50대,여,016-549-4266,vgang@gangbag.com,개인,대전광역시 유성구 봉명동 44-2,대전광역시,2731,cgweon,2023-07-01,628,VIP,X,Santa-Fe ™,중형,SUV,디젤,2023-05-29,2분기,평일,661,57,44280000,현금,온라인,4,0.021,0.472
111,최현준,1966-11-27,59,50대,남,044-230-1731,yi@gimgim.org,개인,대구광역시 수성구 범어동 55-3,대구광역시,2666,gimsanghyeon,2024-09-02,199,VIP,X,G70 (IK),중형,세단,휘발유,2024-03-21,1분기,평일,364,58,44090000,계좌이체,오프라인,4,0.031,0.15
112,권동현,1981-02-16,44,40대,여,063-626-9842,hi@hwanggim.kr,개인,울산광역시 남구 달동 23-5,울산광역시,1041,jiagim,2024-03-09,376,VIP,O,NEXO (FE),중형,SUV,수소,2025-01-31,1분기,평일,48,44,71210000,계좌이체,온라인,4,0.018,0.283
113,심정희,1996-12-16,29,20대,남,041-847-2351,gimmiyeong@live.com,개인,인천광역시 남동구 구월동 88-10,인천광역시,2820,junseou,2022-09-10,922,VIP,O,G70 (IK),중형,세단,휘발유,2024-12-06,4분기,평일,104,28,46910000,계좌이체,온라인,5,0.009,0.867
114,김순옥,1999-04-19,26,20대,여,018-072-6912,qi@jusighoesa.com,개인,서울특별시 강남구 역삼동 123-45,서울특별시,15533,jongsu53,2024-10-22,149,VIP,X,Santa-Fe ™,중형,SUV,디젤,2023-04-22,2분기,주말,698,24,47160000,신용카드,오프라인,2,0.035,0.056
115,이영순,1980-03-19,45,40대,여,018-988-8211,seoyeon50@yu.com,개인,대전광역시 유성구 봉명동 44-2,대전광역시,2731,hyeonju64,2023-03-28,723,일반,O,G70 (IK),중형,세단,휘발유,2023-04-22,2분기,주말,698,43,44700000,계좌이체,온라인,1,0.004,0.136
116,우미영,1975-12-16,50,50대,여,018-545-3522,ei@jusighoesa.kr,개인,울산광역시 남구 달동 23-5,울산광역시,1041,sangceolhan,2023-10-09,528,VIP,O,G70 (IK),중형,세단,휘발유,2024-12-11,4분기,평일,99,49,45000000,현금,온라인,5,0.016,0.496
117,김정식,1974-12-16,51,50대,여,051-779-1002,bi@sonjin.net,개인,부산광역시 해운대구 우동 101-12,부산광역시,4258,hyejin16,2023-10-20,517,VIP,X,NEXO (FE),중형,SUV,수소,2023-09-28,3분기,평일,539,49,69850000,신용카드,온라인,4,0.014,0.389
118,이시우,2000-09-21,25,20대,남,061-364-6763,ibaeg@jusighoesa.kr,개인,경상남도 창원시 의창구 봉곡동 48-6,경상남도 창원시,1338,songjeongja,2023-11-15,491,일반,O,Avante (CN7 N),준중형,세단,휘발유,2023-12-04,4분기,평일,472,23,38020000,현금,오프라인,1,0.007,0.092
119,이서영,1964-02-21,61,60대,남,02-2998-7447,jeongho43@live.com,개인,울산광역시 남구 달동 23-5,울산광역시,1041,mijeong80,2023-08-28,570,VIP,O,Santa-Fe ™,중형,SUV,디젤,2024-08-09,3분기,평일,223,60,50710000,현금,오프라인,5,0.023,0.536
120,김준서,1956-12-27,69,60대,여,053-054-4830,hwangjeongsu@live.com,개인,경기도 수원시 영통구 원천동 12-34,경기도 수원시,9879,yeonghyi20,2023-04-21,699,VIP,O,Santa-Fe ™,중형,SUV,디젤,2024-07-02,3분기,평일,261,68,44180000,현금,온라인,4,0.021,0.526
121,김현준,1966-12-07,59,50대,남,031-524-7998,aan@naver.com,개인,서울특별시 강남구 역삼동 123-45,서울특별시,15533,miyeongbag,2023-10-09,528,일반,X,Avante (CN7 N),준중형,세단,휘발유,2023-04-28,2분기,평일,692,57,34630000,현금,온라인,1,0.006,0.099
122,박숙자,1975-12-10,50,50대,여,043-103-1064,bagjeongja@dreamwiz.com,개인,경상남도 창원시 의창구 봉곡동 48-6,경상남도 창원시,1338,eunseogim,2023-08-21,577,VIP,O,Santa-Fe ™,중형,SUV,디젤,2024-10-15,4분기,평일,156,49,54680000,신용카드,온라인,5,0.023,0.542
123,백준서,1970-11-29,55,50대,여,070-7561-0121,seonyeong40@hotmail.com,개인,대구광역시 수성구 범어동 55-3,대구광역시,2666,gimyeongho,2023-09-13,554,VIP,O,NEXO (FE),중형,SUV,수소,2024-01-30,1분기,평일,415,54,71880000,계좌이체,오프라인,2,0.011,0.208
124,한성훈,1975-06-05,50,50대,남,061-401-7797,ngim@hotmail.com,개인,대전광역시 유성구 봉명동 44-2,대전광역시,2731,qyun,2022-04-21,1064,VIP,O,Santa-Fe ™,중형,SUV,디젤,2025-03-06,1분기,평일,14,50,51400000,계좌이체,오프라인,5,0.009,1.0
125,이예원,1999-06-12,26,20대,남,010-8572-3457,minseog64@ju.net,개인,광주광역시 서구 치평동 14-7,광주광역시,2921,ghwang,2023-11-07,499,VIP,O,G70 (IK),중형,세단,휘발유,2024-10-14,4분기,평일,157,25,49890000,현금,온라인,5,0.014,0.469
126,최서현,1968-06-11,57,50대,남,043-079-6245,yeongsun54@baemungim.com,개인,부산광역시 해운대구 우동 101-12,부산광역시,4258,gyeongjabae,2023-05-07,683,VIP,O,Santa-Fe ™,중형,SUV,디젤,2023-08-09,3분기,평일,589,55,46340000,현금,온라인,3,0.014,0.385
127,박옥자,2002-12-16,23,20대,여,011-710-3793,minseog78@yu.com,개인,서울특별시 강남구 역삼동 123-45,서울특별시,15533,iseonyeong,2023-11-04,502,VIP,O,Santa-Fe ™,중형,SUV,디젤,2025-02-16,1분기,주말,32,23,39800000,계좌이체,온라인,4,0.024,0.377
128,김은서,1985-12-09,40,40대,여,051-902-6026,bi@jusighoesa.com,개인,경상북도 포항시 남구 대도동 19-2,경상북도 포항시,436,gimjuweon,2023-11-27,479,VIP,O,NEXO (FE),중형,SUV,수소,2025-01-10,1분기,평일,69,40,71470000,계좌이체,온라인,5,0.017,0.45
129,이순옥,1964-09-11,61,60대,여,018-247-9858,baghyeonju@isongwag.com,개인,서울특별시 강남구 역삼동 123-45,서울특별시,15533,sunogi,2024-07-07,256,VIP,X,Santa-Fe ™,중형,SUV,디젤,2023-04-25,2분기,평일,695,59,44700000,계좌이체,오프라인,2,0.026,0.096
130,이도윤,1960-12-31,65,60대,남,062-301-2884,yeongjin28@gimsongo.com,개인,대구광역시 수성구 범어동 55-3,대구광역시,2666,sgweon,2022-08-17,946,VIP,O,Avante (CN7 N),준중형,세단,휘발유,2023-08-23,3분기,평일,575,63,35390000,신용카드,오프라인,5,0.018,0.889
131,서건우,1999-09-27,26,20대,남,063-080-0548,fbag@nate.com,개인,인천광역시 남동구 구월동 88-10,인천광역시,2820,lcoe,2023-06-12,647,VIP,O,G70 (IK),중형,세단,휘발유,2023-08-02,3분기,평일,596,24,44350000,현금,온라인,3,0.013,0.365
132,김영일,1978-06-04,47,40대,남,070-1858-1107,sunja23@ju.org,개인,충청북도 청주시 상당구 낙실동 9-1,충청북도 청주시,907,fo,2022-08-30,933,VIP,O,G80 (RG3),대형,세단,휘발유,2024-07-06,3분기,주말,257,46,86010000,현금,오프라인,2,0.004,0.351
133,박도현,1983-06-25,42,40대,여,016-960-4239,lgim@bagju.com,개인,인천광역시 남동구 구월동 88-10,인천광역시,2820,gimjuweon,2025-02-27,21,VIP,X,NEXO (FE),중형,SUV,수소,2024-08-21,3분기,평일,211,41,71110000,계좌이체,오프라인,4,0.385,0.016
134,황영순,1974-10-29,51,50대,남,043-054-3941,seungminyun@ison.kr,개인,인천광역시 남동구 구월동 88-10,인천광역시,2820,wcoe,2023-06-10,649,VIP,O,Santa-Fe ™,중형,SUV,디젤,2024-03-23,1분기,주말,362,50,53180000,계좌이체,오프라인,2,0.005,0.244
135,안성민,1972-09-22,53,50대,남,041-954-0034,yeonggil75@ganggim.org,개인,충청북도 청주시 상당구 낙실동 9-1,충청북도 청주시,907,haeunju,2022-10-01,901,VIP,O,NEXO (FE),중형,SUV,수소,2024-03-25,1분기,평일,360,52,71200000,현금,오프라인,4,0.009,0.677
136,이현준,1973-03-28,52,50대,남,041-298-3351,jeongung91@live.com,개인,대전광역시 유성구 봉명동 44-2,대전광역시,2731,xi,2025-01-27,52,VIP,X,Avante (CN7 N),준중형,세단,휘발유,2023-10-10,4분기,평일,527,50,36410000,신용카드,온라인,5,0.273,0.049
137,김예지,1958-10-02,67,60대,남,061-569-2767,coeboram@nate.com,개인,충청북도 청주시 상당구 낙실동 9-1,충청북도 청주시,907,yeonghwan93,2023-06-29,630,VIP,X,NEXO (FE),중형,SUV,수소,2023-06-02,2분기,평일,657,65,70000000,계좌이체,온라인,2,0.01,0.237
138,이영길,1955-12-04,70,70대,여,018-950-1292,hgim@naver.com,개인,충청남도 천안시 동남구 성성동 22-3,충청남도 천안시,1036,wi,2023-12-24,452,일반,X,G70 (IK),중형,세단,휘발유,2023-11-12,4분기,주말,494,68,46490000,현금,오프라인,1,0.003,0.085
139,이준호,1996-10-26,29,20대,여,064-776-5924,sangceolgim@jusighoesa.com,개인,울산광역시 남구 달동 23-5,울산광역시,1041,miyeonggim,2024-03-08,377,VIP,X,NEXO (FE),중형,SUV,수소,2023-11-30,4분기,평일,476,27,70750000,현금,오프라인,3,0.021,0.213
140,한성수,1959-04-25,66,60대,여,062-160-6151,wyun@iim.net,개인,경상남도 창원시 의창구 봉곡동 48-6,경상남도 창원시,1338,li,2022-07-16,978,VIP,O,G80 (RG3),대형,세단,휘발유,2023-06-08,2분기,평일,651,64,82940000,신용카드,오프라인,2,0.006,0.368
141,이명숙,1992-01-31,33,30대,여,051-702-6616,songjaeho@gimi.com,개인,인천광역시 남동구 구월동 88-10,인천광역시,2820,jeonghyigim,2023-12-31,445,VIP,X,Avante (CN7 N),준중형,세단,휘발유,2023-09-23,3분기,주말,544,31,34300000,현금,온라인,5,0.036,0.418
142,김민석,2003-03-08,22,20대,남,010-2372-0942,songjeonghyi@naver.com,개인,충청북도 청주시 상당구 낙실동 9-1,충청북도 청주시,907,gwangsuson,2022-10-08,894,VIP,O,NEXO (FE),중형,SUV,수소,2023-08-10,3분기,평일,588,20,70160000,신용카드,온라인,3,0.013,0.504
143,고수민,1996-02-24,29,20대,남,053-176-4468,pi@ju.com,개인,경상북도 포항시 남구 대도동 19-2,경상북도 포항시,436,gimjihye,2024-08-05,227,일반,O,NEXO (FE),중형,SUV,수소,2024-09-17,3분기,평일,184,28,69540000,현금,온라인,1,0.013,0.043
144,서지훈,1969-07-24,56,50대,남,055-054-3608,seosiu@hotmail.com,개인,부산광역시 해운대구 우동 101-12,부산광역시,4258,bagseongho,2022-07-19,975,VIP,O,Avante (CN7 N),준중형,세단,휘발유,2023-11-02,4분기,평일,504,54,40370000,현금,오프라인,3,0.005,0.55
145,김현우,1984-12-28,41,40대,여,019-036-2316,hyeonju80@ju.kr,개인,경기도 수원시 영통구 원천동 12-34,경기도 수원시,9879,yheo,2024-12-16,94,VIP,X,Avante (CN7 N),준중형,세단,휘발유,2024-09-27,3분기,평일,174,40,34030000,신용카드,오프라인,5,0.094,0.088
146,김영환,1957-03-08,68,60대,여,044-214-8023,yeonghwani@dreamwiz.com,개인,전라남도 목포시 부주동 77-8,전라남도 목포시,4093,sangceolhwang,2023-06-06,653,VIP,O,G70 (IK),중형,세단,휘발유,2024-10-18,4분기,평일,153,67,44110000,신용카드,오프라인,5,0.031,0.614
147,이건우,1958-07-27,67,60대,남,019-378-2527,minjungim@yuhanhoesa.com,개인,전라북도 전주시 완산구 덕진동 33-7,전라북도 전주시,3099,xgim,2022-08-20,943,VIP,O,Avante (CN7 N),준중형,세단,휘발유,2024-04-22,2분기,평일,332,66,37900000,신용카드,온라인,3,0.007,0.532
148,진윤서,1988-01-21,37,30대,남,055-909-9267,oseong@yu.com,개인,경기도 수원시 영통구 원천동 12-34,경기도 수원시,9879,gimseongho,2023-11-04,502,일반,O,Avante (CN7 N),준중형,세단,휘발유,2023-12-28,4분기,평일,448,35,40200000,신용카드,온라인,1,0.008,0.094
149,이영자,1982-09-28,43,40대,여,031-256-0870,baghaeun@naver.com,개인,경기도 성남시 분당구 정자동 56-78,경기도 성남시,6467,jia75,2023-01-16,794,VIP,O,G70 (IK),중형,세단,휘발유,2024-01-29,1분기,평일,416,42,44570000,현금,오프라인,3,0.015,0.448
150,최명자,2000-11-20,25,20대,남,054-894-5954,gimseonghun@gimno.com,개인,광주광역시 서구 치평동 14-7,광주광역시,2921,caeweon09,2024-06-28,265,일반,X,NEXO (FE),중형,SUV,수소,2023-11-26,4분기,주말,480,23,71350000,신용카드,온라인,1,0.01,0.05
151,류민석,1971-03-27,54,50대,남,070-0215-2884,minji83@live.com,개인,울산광역시 남구 달동 23-5,울산광역시,1041,gimjihyeon,2022-10-13,889,VIP,O,G70 (IK),중형,세단,휘발유,2024-01-01,1분기,평일,444,53,45600000,현금,오프라인,5,0.018,0.836
152,성정자,1988-10-08,37,30대,남,062-574-9396,yeeun88@dreamwiz.com,개인,울산광역시 남구 달동 23-5,울산광역시,1041,imigyeong,2024-11-16,124,VIP,X,Santa-Fe ™,중형,SUV,디젤,2023-10-12,4분기,평일,525,35,44470000,현금,온라인,4,0.099,0.093
153,이영환,1998-04-21,27,20대,남,044-955-3033,yeongceol30@jusighoesa.kr,개인,충청북도 청주시 상당구 낙실동 9-1,충청북도 청주시,907,idoyun,2023-08-24,574,일반,O,Santa-Fe ™,중형,SUV,디젤,2023-11-03,4분기,평일,503,25,36160000,현금,온라인,1,0.006,0.108
154,이준영,2002-11-12,23,20대,여,054-106-6090,mhwang@hanmail.net,개인,서울특별시 강남구 역삼동 123-45,서울특별시,15533,baggyeongsug,2025-01-20,59,신규,X,Santa-Fe ™,중형,SUV,디젤,2024-09-20,3분기,평일,181,22,45650000,현금,온라인,1,0.052,0.011
155,김경자,1962-11-22,63,60대,여,053-945-9083,gimogja@gimgimbag.org,개인,서울특별시 종로구 청운동 67-89,서울특별시,15533,gojihye,2023-01-14,796,VIP,O,G70 (IK),중형,세단,휘발유,2023-12-21,4분기,평일,455,61,45390000,신용카드,온라인,4,0.016,0.598
156,이혜진,1956-05-07,69,60대,여,016-543-6491,ycoe@dreamwiz.com,개인,광주광역시 서구 치평동 14-7,광주광역시,2921,jiweonmin,2024-06-10,283,VIP,X,G70 (IK),중형,세단,휘발유,2023-03-14,1분기,평일,737,67,49550000,현금,온라인,5,0.034,0.266
157,곽옥순,2001-04-07,24,20대,여,02-4743-0405,yujini@hotmail.com,개인,대전광역시 유성구 봉명동 44-2,대전광역시,2731,jihyeyun,2023-01-01,809,VIP,O,Avante (CN7 N),준중형,세단,휘발유,2024-01-01,1분기,평일,444,23,35790000,신용카드,오프라인,3,0.006,0.456
158,김시우,1981-02-03,44,40대,남,051-416-1404,bagjiu@daum.net,개인,전라남도 목포시 부주동 77-8,전라남도 목포시,4093,jihugim,2023-08-07,591,VIP,O,Santa-Fe ™,중형,SUV,디젤,2025-01-20,1분기,평일,59,44,44420000,계좌이체,오프라인,2,0.013,0.222
159,윤재호,1994-10-15,31,30대,남,019-274-7240,pi@gimiheo.org,개인,대구광역시 수성구 범어동 55-3,대구광역시,2666,bagyeongsun,2022-06-15,1009,VIP,O,G80 (RG3),대형,세단,휘발유,2023-10-13,4분기,평일,524,29,88470000,현금,온라인,2,0.005,0.379
160,강종수,1982-09-28,43,40대,남,054-107-1543,seohyeonson@seoiha.com,개인,대전광역시 유성구 봉명동 44-2,대전광역시,2731,jihugim,2023-03-06,745,일반,O,NEXO (FE),중형,SUV,수소,2024-07-26,3분기,평일,237,42,70630000,신용카드,온라인,1,0.002,0.14
161,성성수,1985-07-24,40,40대,남,063-749-2202,yeonghwan20@gmail.com,개인,충청북도 청주시 상당구 낙실동 9-1,충청북도 청주시,907,mijeong41,2023-01-12,798,일반,O,G80 (RG3),대형,세단,휘발유,2023-12-15,4분기,평일,461,38,86510000,계좌이체,오프라인,1,0.003,0.15
162,정지혜,1968-12-19,57,50대,남,064-782-9705,junseo28@daum.net,개인,경기도 성남시 분당구 정자동 56-78,경기도 성남시,6467,ggang,2023-07-10,619,VIP,O,Avante (CN7 N),준중형,세단,휘발유,2024-07-21,3분기,주말,242,56,33400000,계좌이체,온라인,2,0.012,0.233
163,손아름,1997-08-25,28,20대,남,062-718-8934,ji@live.com,개인,경상북도 포항시 남구 대도동 19-2,경상북도 포항시,436,jinho57,2023-05-31,659,VIP,O,NEXO (FE),중형,SUV,수소,2024-05-16,2분기,평일,308,27,71710000,현금,온라인,3,0.008,0.372
164,조성호,1985-05-11,40,40대,여,061-222-9939,ygim@icoe.net,개인,대구광역시 수성구 범어동 55-3,대구광역시,2666,minjunheo,2023-10-06,531,VIP,X,Avante (CN7 N),준중형,세단,휘발유,2023-09-25,3분기,평일,542,38,41190000,계좌이체,온라인,3,0.014,0.299
165,김수민,2000-07-04,25,20대,남,042-448-2472,hhwang@gimi.kr,개인,경기도 수원시 영통구 원천동 12-34,경기도 수원시,9879,kgang,2022-03-13,1103,일반,O,G80 (RG3),대형,세단,휘발유,2023-03-27,1분기,평일,724,23,88870000,신용카드,온라인,1,0.002,0.207
166,김민준,1958-09-02,67,60대,남,043-165-6918,qyun@daum.net,개인,전라남도 목포시 부주동 77-8,전라남도 목포시,4093,jihyegim,2024-01-12,433,일반,X,NEXO (FE),중형,SUV,수소,2023-12-25,4분기,평일,451,65,71680000,계좌이체,오프라인,1,0.008,0.081
167,이경숙,1997-01-22,28,20대,여,063-318-8654,vseo@nate.com,개인,충청남도 천안시 동남구 성성동 22-3,충청남도 천안시,1036,qcoe,2024-06-03,290,VIP,X,Avante (CN7 N),준중형,세단,휘발유,2023-10-20,4분기,평일,517,26,34660000,계좌이체,오프라인,3,0.026,0.164
168,황도윤,1976-06-02,49,40대,남,011-361-9602,sugja86@hanmail.net,개인,서울특별시 종로구 청운동 67-89,서울특별시,15533,yeonghyigim,2023-03-25,726,VIP,O,NEXO (FE),중형,SUV,수소,2023-11-29,4분기,평일,477,47,70460000,계좌이체,오프라인,2,0.008,0.273
169,강영자,1956-03-06,69,60대,여,043-795-5239,qyun@nate.com,개인,충청북도 청주시 상당구 낙실동 9-1,충청북도 청주시,907,lgim,2024-01-10,435,VIP,O,NEXO (FE),중형,SUV,수소,2025-01-31,1분기,평일,48,69,71510000,현금,오프라인,5,0.025,0.409
170,이지민,1989-10-30,36,30대,여,032-829-9655,vgim@ju.net,개인,경기도 성남시 분당구 정자동 56-78,경기도 성남시,6467,imyeongsug,2022-07-27,967,일반,O,G70 (IK),중형,세단,휘발유,2024-01-19,1분기,평일,426,35,48420000,현금,온라인,1,0.004,0.182
171,남지연,1987-02-22,38,30대,남,053-140-5696,minjae16@nate.com,개인,경기도 수원시 영통구 원천동 12-34,경기도 수원시,9879,hanyeongsig,2023-06-06,653,VIP,X,NEXO (FE),중형,SUV,수소,2023-04-22,2분기,주말,698,36,71950000,계좌이체,오프라인,2,0.007,0.245
172,이은서,1963-10-11,62,60대,남,033-818-4794,gwangsugang@daum.net,개인,서울특별시 강남구 역삼동 123-45,서울특별시,15533,jiahan,2022-08-12,951,신규,O,G70 (IK),중형,세단,휘발유,2024-11-11,4분기,평일,129,61,48110000,계좌이체,오프라인,1,0.004,0.179
173,정예원,1971-07-20,54,50대,여,044-883-9197,dgim@jigimryu.kr,개인,경상북도 포항시 남구 대도동 19-2,경상북도 포항시,436,sanghyeon96,2024-12-17,93,VIP,X,Avante (CN7 N),준중형,세단,휘발유,2023-10-08,4분기,주말,529,52,34490000,계좌이체,오프라인,4,0.136,0.07
174,신성현,1968-07-06,57,50대,남,052-691-4844,ahwang@jusighoesa.net,개인,광주광역시 서구 치평동 14-7,광주광역시,2921,jihugang,2023-05-06,684,VIP,O,NEXO (FE),중형,SUV,수소,2024-12-28,4분기,주말,82,56,72100000,신용카드,오프라인,5,0.022,0.643
175,민정호,1969-08-16,56,50대,여,041-291-9081,seongsugim@naver.com,개인,전라남도 목포시 부주동 77-8,전라남도 목포시,4093,sumini,2025-03-04,16,VIP,X,G70 (IK),중형,세단,휘발유,2023-05-21,2분기,주말,669,54,44240000,계좌이체,오프라인,5,0.707,0.015
176,박지원,1963-12-25,62,60대,남,070-1378-2398,hayun60@live.com,개인,경상남도 창원시 의창구 봉곡동 48-6,경상남도 창원시,1338,fseo,2024-08-25,207,VIP,X,G80 (RG3),대형,세단,휘발유,2024-05-23,2분기,평일,301,61,87770000,현금,오프라인,4,0.065,0.156
177,김영자,1976-10-26,49,40대,남,052-077-3080,jia19@yu.kr,개인,전라남도 목포시 부주동 77-8,전라남도 목포시,4093,iyujin,2024-04-28,326,VIP,O,NEXO (FE),중형,SUV,수소,2024-05-25,2분기,주말,299,48,71940000,계좌이체,오프라인,4,0.018,0.245
178,이서윤,1966-01-01,59,50대,여,032-094-1834,ji@daum.net,개인,서울특별시 강남구 역삼동 123-45,서울특별시,15533,jeongsugyang,2023-03-14,737,VIP,O,G70 (IK),중형,세단,휘발유,2023-10-12,4분기,평일,525,57,50860000,현금,온라인,4,0.009,0.554
179,송지은,1954-07-31,71,70대,여,031-194-0436,pcoe@daum.net,개인,부산광역시 해운대구 우동 101-12,부산광역시,4258,sugja08,2023-07-07,622,VIP,O,G70 (IK),중형,세단,휘발유,2024-10-29,4분기,평일,142,70,46570000,신용카드,온라인,4,0.024,0.468
180,이서연,1989-03-12,36,30대,남,054-402-5332,gimjimin@dreamwiz.com,개인,부산광역시 해운대구 우동 101-12,부산광역시,4258,hyejinseo,2024-02-04,410,VIP,X,NEXO (FE),중형,SUV,수소,2023-12-05,4분기,평일,471,34,69840000,신용카드,온라인,3,0.012,0.231
181,김성호,1985-06-25,40,40대,여,016-385-1242,ygim@hanmail.net,개인,대구광역시 수성구 범어동 55-3,대구광역시,2666,jia98,2022-08-04,959,VIP,O,Santa-Fe ™,중형,SUV,디젤,2024-03-02,1분기,주말,383,39,44000000,계좌이체,오프라인,5,0.012,0.901
182,홍정숙,1955-01-05,70,70대,남,033-339-1865,minjae03@gmail.com,개인,광주광역시 서구 치평동 14-7,광주광역시,2921,jeongung32,2022-10-19,883,VIP,O,Santa-Fe ™,중형,SUV,디젤,2024-04-25,2분기,평일,329,69,50140000,신용카드,오프라인,5,0.024,0.83
183,박혜진,1978-05-30,47,40대,남,052-925-4265,idonghyeon@nate.com,개인,서울특별시 종로구 청운동 67-89,서울특별시,15533,sgim,2022-07-09,985,일반,O,G70 (IK),중형,세단,휘발유,2023-12-11,4분기,평일,465,45,50150000,신용카드,오프라인,1,0.003,0.185
184,이정훈,1962-04-15,63,60대,남,041-956-4884,wi@jangjono.org,개인,경기도 수원시 영통구 원천동 12-34,경기도 수원시,9879,gyeongjaeom,2023-09-10,557,VIP,O,Avante (CN7 N),준중형,세단,휘발유,2025-01-11,1분기,주말,68,63,38230000,현금,오프라인,2,0.006,0.209
185,이승현,1982-02-17,43,40대,여,011-220-1097,sanghun90@yuhanhoesa.net,개인,대전광역시 유성구 봉명동 44-2,대전광역시,2731,yeongsig47,2024-08-01,231,VIP,X,Avante (CN7 N),준중형,세단,휘발유,2024-07-17,3분기,평일,246,42,37190000,신용카드,오프라인,4,0.043,0.174
186,박채원,1964-11-10,61,60대,여,044-904-2678,qmun@nate.com,개인,부산광역시 해운대구 우동 101-12,부산광역시,4258,yejison,2022-11-07,864,신규,O,Avante (CN7 N),준중형,세단,휘발유,2024-10-14,4분기,평일,157,60,40240000,계좌이체,온라인,1,0.004,0.162
187,김중수,1971-02-07,54,50대,여,032-688-4921,jangyeongsun@seoian.org,개인,울산광역시 남구 달동 23-5,울산광역시,1041,doyun38,2023-12-31,445,VIP,O,NEXO (FE),중형,SUV,수소,2024-02-20,1분기,평일,394,53,72160000,현금,온라인,4,0.03,0.335
188,김영호,1999-07-28,26,20대,여,061-009-2153,ogim@yu.kr,개인,인천광역시 남동구 구월동 88-10,인천광역시,2820,gimjeongsug,2022-09-21,911,VIP,O,Santa-Fe ™,중형,SUV,디젤,2024-07-25,3분기,평일,238,25,44360000,신용카드,온라인,4,0.015,0.685
189,심동현,1999-01-19,26,20대,여,070-6615-9710,kcoe@gmail.com,개인,서울특별시 강남구 역삼동 123-45,서울특별시,15533,yejun41,2024-07-23,240,VIP,X,G70 (IK),중형,세단,휘발유,2024-07-16,3분기,평일,247,25,46260000,현금,오프라인,3,0.044,0.135
190,박민석,1957-08-08,68,60대,남,053-382-8342,gohyeonji@live.com,개인,충청남도 천안시 동남구 성성동 22-3,충청남도 천안시,1036,wi,2023-02-15,764,VIP,O,G80 (RG3),대형,세단,휘발유,2024-05-18,2분기,주말,306,67,85490000,계좌이체,온라인,2,0.007,0.287
191,김병철,1969-01-04,56,50대,남,041-324-1120,vgang@jusighoesa.kr,개인,서울특별시 종로구 청운동 67-89,서울특별시,15533,seonghaeun,2023-12-08,468,VIP,X,G70 (IK),중형,세단,휘발유,2023-08-07,3분기,평일,591,54,46150000,계좌이체,온라인,2,0.016,0.176
192,서영길,1972-04-13,53,50대,여,043-531-1236,hi@dreamwiz.com,개인,대구광역시 수성구 범어동 55-3,대구광역시,2666,pgo,2023-02-11,768,VIP,O,G80 (RG3),대형,세단,휘발유,2023-11-03,4분기,평일,503,51,86070000,현금,온라인,5,0.016,0.722
193,홍현숙,1959-10-02,66,60대,남,043-342-4176,jangjunhyeog@dreamwiz.com,개인,충청북도 청주시 상당구 낙실동 9-1,충청북도 청주시,907,eunju52,2024-11-17,123,VIP,X,G80 (RG3),대형,세단,휘발유,2024-10-16,4분기,평일,155,65,82830000,현금,오프라인,4,0.134,0.092
194,박아름,1956-10-06,69,60대,남,051-791-2267,yejin22@gimcoe.org,개인,전라남도 목포시 부주동 77-8,전라남도 목포시,4093,qryu,2022-07-16,978,VIP,O,Santa-Fe ™,중형,SUV,디젤,2023-12-28,4분기,평일,448,67,45360000,신용카드,온라인,2,0.005,0.368
195,김광수,1974-10-18,51,50대,남,011-398-0609,yunogja@angim.com,개인,대구광역시 수성구 범어동 55-3,대구광역시,2666,zgim,2022-09-03,929,VIP,O,NEXO (FE),중형,SUV,수소,2024-01-11,1분기,평일,434,50,70230000,신용카드,온라인,3,0.006,0.524
196,오민준,1988-05-29,37,30대,남,064-731-2054,gimhyeonjeong@hwangbagryu.kr,개인,울산광역시 남구 달동 23-5,울산광역시,1041,yeonggil14,2024-08-13,219,신규,O,Santa-Fe ™,중형,SUV,디젤,2025-02-28,1분기,평일,20,37,46720000,현금,온라인,1,0.019,0.041
197,김성현,1973-09-24,52,50대,남,062-326-6677,gimseoyeong@yu.org,개인,경기도 수원시 영통구 원천동 12-34,경기도 수원시,9879,hayun28,2022-05-18,1037,VIP,O,G70 (IK),중형,세단,휘발유,2025-03-05,1분기,평일,15,52,49890000,계좌이체,온라인,2,0.007,0.39
198,김예진,1990-01-15,35,30대,남,042-517-0040,ji@hotmail.com,개인,광주광역시 서구 치평동 14-7,광주광역시,2921,songjeonghyi,2024-03-17,368,일반,O,Avante (CN7 N),준중형,세단,휘발유,2024-05-16,2분기,평일,308,34,36980000,신용카드,온라인,1,0.005,0.069
199,손준호,1986-03-05,39,30대,남,070-0150-7134,xgim@yu.kr,개인,인천광역시 남동구 구월동 88-10,인천광역시,2820,gimeunyeong,2023-03-05,746,신규,O,G80 (RG3),대형,세단,휘발유,2025-02-17,1분기,평일,31,39,84290000,현금,오프라인,1,0.004,0.14
200,최현우,1962-03-29,63,60대,남,063-354-7740,jihyeongim@jusighoesa.kr,개인,인천광역시 남동구 구월동 88-10,인천광역시,2820,bagyujin,2024-02-19,395,VIP,O,Santa-Fe ™,중형,SUV,디젤,2024-10-07,4분기,평일,164,62,38840000,계좌이체,오프라인,5,0.037,0.371
201,배재현,2001-12-02,24,20대,여,054-708-1976,dbag@daum.net,개인,경기도 수원시 영통구 원천동 12-34,경기도 수원시,9879,hyeonju98,2024-02-29,385,VIP,X,G70 (IK),중형,세단,휘발유,2023-05-09,2분기,평일,681,22,48340000,현금,온라인,5,0.05,0.362
202,서지영,1964-07-21,61,60대,여,044-741-1486,jihun48@ju.kr,개인,충청남도 천안시 동남구 성성동 22-3,충청남도 천안시,1036,isujin,2023-03-16,735,VIP,O,G70 (IK),중형,세단,휘발유,2023-10-08,4분기,주말,529,59,47880000,계좌이체,오프라인,2,0.005,0.276
203,김진호,2002-06-04,23,20대,여,018-315-1577,gimhyeonjun@gimgo.net,개인,부산광역시 해운대구 우동 101-12,부산광역시,4258,haeunjo,2022-12-16,825,일반,O,Santa-Fe ™,중형,SUV,디젤,2023-06-16,2분기,평일,643,21,53810000,계좌이체,온라인,1,0.004,0.155
204,이영철,1981-07-10,44,40대,여,031-224-5926,iyeongsun@yu.org,개인,인천광역시 남동구 구월동 88-10,인천광역시,2820,hgang,2023-05-23,667,VIP,X,G70 (IK),중형,세단,휘발유,2023-03-20,1분기,평일,731,42,48840000,현금,오프라인,5,0.016,0.627
205,서지원,1973-05-11,52,50대,여,051-659-0158,gohyeonu@yuhanhoesa.com,개인,전라남도 목포시 부주동 77-8,전라남도 목포시,4093,munjungsu,2023-06-29,630,VIP,O,G80 (RG3),대형,세단,휘발유,2025-01-22,1분기,평일,57,52,85340000,계좌이체,오프라인,5,0.025,0.592
206,조선영,1981-02-27,44,40대,여,032-086-3570,gimeunseo@live.com,개인,서울특별시 종로구 청운동 67-89,서울특별시,15533,sanghyeongo,2024-08-10,222,VIP,O,G70 (IK),중형,세단,휘발유,2024-11-21,4분기,평일,119,43,48110000,계좌이체,오프라인,2,0.026,0.083
207,권영자,1968-01-07,57,50대,여,017-445-8406,fi@yu.org,개인,경기도 수원시 영통구 원천동 12-34,경기도 수원시,9879,jaehyeon94,2024-04-20,334,VIP,O,G80 (RG3),대형,세단,휘발유,2024-07-18,3분기,평일,245,56,87410000,현금,온라인,2,0.023,0.126
208,정은지,1980-02-11,45,40대,남,051-326-9405,ji@nate.com,개인,충청북도 청주시 상당구 낙실동 9-1,충청북도 청주시,907,igim,2023-07-18,611,VIP,O,Santa-Fe ™,중형,SUV,디젤,2025-01-16,1분기,평일,63,45,39730000,신용카드,온라인,3,0.01,0.345
209,이경희,1968-09-13,57,50대,남,019-031-6622,doyun69@gweonhwangseo.kr,개인,경상남도 창원시 의창구 봉곡동 48-6,경상남도 창원시,1338,ogjabag,2022-06-14,1010,VIP,O,G70 (IK),중형,세단,휘발유,2023-11-25,4분기,주말,481,55,48820000,현금,오프라인,3,0.008,0.57
210,문승민,1970-05-23,55,50대,여,054-470-5932,seojungim@ii.net,개인,전라북도 전주시 완산구 덕진동 33-7,전라북도 전주시,3099,hi,2025-01-10,69,VIP,X,Santa-Fe ™,중형,SUV,디젤,2024-07-19,3분기,평일,244,54,45470000,현금,오프라인,4,0.155,0.052
211,서서윤,2002-06-10,23,20대,여,032-125-4223,ogsun81@yuhanhoesa.net,개인,광주광역시 서구 치평동 14-7,광주광역시,2921,hyeonju95,2023-02-18,761,VIP,O,Avante (CN7 N),준중형,세단,휘발유,2024-02-12,1분기,평일,402,22,36720000,현금,온라인,5,0.016,0.715
212,지현우,1997-12-18,28,20대,남,063-702-1782,cunja82@yuhanhoesa.com,개인,대구광역시 수성구 범어동 55-3,대구광역시,2666,ibyeongceol,2022-10-04,898,VIP,O,G70 (IK),중형,세단,휘발유,2025-01-13,1분기,평일,66,28,47080000,계좌이체,오프라인,3,0.009,0.506
213,김현주,1979-05-16,46,40대,남,042-601-1611,sanghungweon@seoanbaeg.kr,개인,전라북도 전주시 완산구 덕진동 33-7,전라북도 전주시,3099,haeungim,2024-11-14,126,VIP,X,NEXO (FE),중형,SUV,수소,2023-08-25,3분기,평일,573,44,71660000,신용카드,오프라인,4,0.078,0.095
214,박성수,1996-12-02,29,20대,남,019-068-2325,seonghuni@nate.com,개인,부산광역시 해운대구 우동 101-12,부산광역시,4258,gimyujin,2022-10-19,883,VIP,O,Santa-Fe ™,중형,SUV,디젤,2024-12-09,4분기,평일,101,28,42220000,현금,오프라인,5,0.011,0.83
215,이진호,1998-07-17,27,20대,여,02-8350-5965,eunjeong74@ihongbag.com,개인,서울특별시 강남구 역삼동 123-45,서울특별시,15533,gimsangceol,2022-12-15,826,VIP,O,G70 (IK),중형,세단,휘발유,2023-07-06,3분기,평일,623,25,48140000,현금,온라인,3,0.011,0.466
216,김영순,1978-06-28,47,40대,여,018-144-0592,yeweonyu@live.com,개인,충청북도 청주시 상당구 낙실동 9-1,충청북도 청주시,907,nha,2023-03-13,738,VIP,O,NEXO (FE),중형,SUV,수소,2024-01-13,1분기,주말,432,46,70380000,현금,오프라인,2,0.01,0.277
217,류민수,1958-07-06,67,60대,여,042-329-9343,vgim@hanji.org,개인,충청북도 청주시 상당구 낙실동 9-1,충청북도 청주시,907,ui,2022-10-26,876,VIP,O,NEXO (FE),중형,SUV,수소,2023-08-04,3분기,평일,594,65,71530000,계좌이체,온라인,5,0.01,0.823
218,장정훈,1996-01-21,29,20대,남,018-700-2342,iujin@ju.com,개인,광주광역시 서구 치평동 14-7,광주광역시,2921,xgim,2023-10-21,516,일반,O,G80 (RG3),대형,세단,휘발유,2024-01-24,1분기,평일,421,28,88750000,계좌이체,온라인,1,0.008,0.097
219,정현지,1955-05-03,70,70대,남,011-547-0199,jeongsu64@ju.kr,개인,광주광역시 서구 치평동 14-7,광주광역시,2921,hyeonsug49,2025-02-23,25,신규,X,Avante (CN7 N),준중형,세단,휘발유,2024-10-10,4분기,평일,161,69,40340000,계좌이체,오프라인,1,0.157,0.005
220,류영희,1973-07-04,52,50대,여,054-653-1887,minjae88@gimi.org,개인,경기도 성남시 분당구 정자동 56-78,경기도 성남시,6467,fgim,2022-12-25,816,VIP,O,G80 (RG3),대형,세단,휘발유,2024-07-22,3분기,평일,241,51,89130000,현금,오프라인,2,0.01,0.307
221,김서현,1982-08-12,43,40대,남,070-2225-9369,gimjunseo@jusighoesa.com,개인,전라북도 전주시 완산구 덕진동 33-7,전라북도 전주시,3099,boramo,2023-10-08,529,일반,O,Avante (CN7 N),준중형,세단,휘발유,2024-01-06,1분기,주말,439,42,39380000,신용카드,오프라인,1,0.003,0.099
222,김상철,1974-04-23,51,50대,남,042-041-3141,xgim@hanmail.net,개인,인천광역시 남동구 구월동 88-10,인천광역시,2820,yangseoyeong,2024-01-19,426,VIP,O,G70 (IK),중형,세단,휘발유,2024-10-17,4분기,평일,154,50,46600000,현금,온라인,3,0.013,0.24
223,김동현,1992-03-13,33,30대,남,070-5521-8455,gyeongsuggim@hanmail.net,개인,서울특별시 종로구 청운동 67-89,서울특별시,15533,pgim,2024-11-28,112,VIP,X,NEXO (FE),중형,SUV,수소,2023-08-04,3분기,평일,594,31,71650000,현금,온라인,3,0.053,0.063
224,안선영,1961-10-15,64,60대,남,017-590-7839,haeunnam@naver.com,개인,부산광역시 해운대구 우동 101-12,부산광역시,4258,ii,2022-03-19,1097,일반,O,Avante (CN7 N),준중형,세단,휘발유,2024-01-21,1분기,주말,424,63,33700000,현금,오프라인,1,0.001,0.206
225,김명숙,2001-11-13,24,20대,여,011-811-5410,gwangsucoe@jusighoesa.kr,개인,경기도 수원시 영통구 원천동 12-34,경기도 수원시,9879,vi,2022-08-03,960,VIP,O,NEXO (FE),중형,SUV,수소,2025-02-10,1분기,평일,38,24,70120000,신용카드,온라인,3,0.009,0.541
226,이은정,1985-04-01,40,40대,여,043-660-2321,yangseoyeong@daum.net,개인,서울특별시 종로구 청운동 67-89,서울특별시,15533,bagseungmin,2023-07-17,612,VIP,O,Santa-Fe ™,중형,SUV,디젤,2024-06-21,2분기,평일,272,39,54330000,계좌이체,오프라인,5,0.034,0.575
227,이지영,1978-03-06,47,40대,여,042-966-5944,donghyeoni@jusighoesa.kr,개인,전라북도 전주시 완산구 덕진동 33-7,전라북도 전주시,3099,yujingim,2023-12-20,456,일반,X,G80 (RG3),대형,세단,휘발유,2023-07-05,3분기,평일,624,45,90040000,현금,온라인,1,0.007,0.086
228,이진우,1969-10-25,56,50대,여,032-874-1296,honggyeongsu@gmail.com,개인,경기도 성남시 분당구 정자동 56-78,경기도 성남시,6467,jojaeho,2023-08-20,578,일반,O,NEXO (FE),중형,SUV,수소,2024-03-29,1분기,평일,356,55,69950000,계좌이체,오프라인,1,0.004,0.109
229,오서연,1995-07-07,30,30대,여,032-366-4016,ojeonghun@yu.com,개인,경기도 수원시 영통구 원천동 12-34,경기도 수원시,9879,caeweon59,2022-10-24,878,일반,O,Avante (CN7 N),준중형,세단,휘발유,2023-06-09,2분기,평일,650,28,36940000,신용카드,온라인,1,0.002,0.165
230,김정희,1997-10-12,28,20대,여,019-311-5666,hanjeongung@ju.com,개인,충청북도 청주시 상당구 낙실동 9-1,충청북도 청주시,907,wi,2023-05-04,686,VIP,O,G70 (IK),중형,세단,휘발유,2024-12-03,4분기,평일,107,27,49720000,신용카드,온라인,3,0.018,0.387
231,이지혜,2003-05-26,22,20대,여,051-856-0687,ijinho@gmail.com,개인,전라북도 전주시 완산구 덕진동 33-7,전라북도 전주시,3099,ecoe,2023-12-25,451,VIP,O,G70 (IK),중형,세단,휘발유,2024-07-22,3분기,평일,241,21,44520000,현금,온라인,3,0.026,0.254
232,윤성훈,1955-06-23,70,70대,여,052-366-0874,jjo@gmail.com,개인,경기도 수원시 영통구 원천동 12-34,경기도 수원시,9879,gimjeongsug,2023-06-26,633,일반,X,G80 (RG3),대형,세단,휘발유,2023-03-25,1분기,주말,726,68,84250000,계좌이체,온라인,1,0.006,0.119
233,김서연,1961-05-28,64,60대,남,019-466-0745,yi@gmail.com,개인,광주광역시 서구 치평동 14-7,광주광역시,2921,dohyeonbae,2024-06-22,271,VIP,X,G70 (IK),중형,세단,휘발유,2023-08-27,3분기,주말,571,62,48690000,신용카드,오프라인,5,0.047,0.255
234,손지후,1959-04-27,66,60대,여,053-528-3443,qyun@hanmail.net,개인,경기도 수원시 영통구 원천동 12-34,경기도 수원시,9879,seongjinbae,2022-08-15,948,VIP,O,Avante (CN7 N),준중형,세단,휘발유,2025-02-10,1분기,평일,38,66,36660000,현금,온라인,2,0.005,0.356
235,전정수,2002-07-01,23,20대,여,043-736-9120,yeongsuggim@live.com,개인,경기도 성남시 분당구 정자동 56-78,경기도 성남시,6467,byeongceol79,2025-03-07,13,VIP,X,NEXO (FE),중형,SUV,수소,2024-01-16,1분기,평일,429,22,70970000,신용카드,오프라인,2,0.446,0.005
236,구주원,1963-09-08,62,60대,여,061-310-8327,gimyeeun@hanmail.net,개인,충청북도 청주시 상당구 낙실동 9-1,충청북도 청주시,907,lgweon,2024-02-27,387,VIP,O,G70 (IK),중형,세단,휘발유,2024-12-26,4분기,평일,84,61,45480000,계좌이체,온라인,5,0.04,0.364
237,박영호,1995-01-09,30,30대,남,042-918-1515,seojun75@hotmail.com,개인,경기도 수원시 영통구 원천동 12-34,경기도 수원시,9879,gwangsu15,2024-04-20,334,VIP,X,NEXO (FE),중형,SUV,수소,2023-06-11,2분기,주말,648,28,70250000,현금,오프라인,4,0.025,0.251
238,박현정,1977-03-28,48,40대,남,010-3801-5326,siusin@najeonggim.kr,개인,서울특별시 종로구 청운동 67-89,서울특별시,15533,jeongjaryu,2023-06-24,635,일반,O,NEXO (FE),중형,SUV,수소,2024-07-21,3분기,주말,242,47,70400000,계좌이체,오프라인,1,0.003,0.119
239,이유진,2001-09-01,24,20대,여,055-054-3726,sangho57@yuhanhoesa.kr,개인,울산광역시 남구 달동 23-5,울산광역시,1041,doyungim,2024-08-09,223,VIP,O,Santa-Fe ™,중형,SUV,디젤,2025-03-07,1분기,평일,13,24,35510000,현금,오프라인,5,0.053,0.21
240,한순옥,1967-09-01,58,50대,여,053-765-5303,seongjin46@daum.net,개인,경상북도 포항시 남구 대도동 19-2,경상북도 포항시,436,migyeong21,2022-08-25,938,VIP,O,Santa-Fe ™,중형,SUV,디젤,2024-03-02,1분기,주말,383,57,41660000,신용카드,오프라인,4,0.008,0.705
241,이성수,1996-02-04,29,20대,남,063-175-2716,minjinam@live.com,개인,부산광역시 해운대구 우동 101-12,부산광역시,4258,jiweon44,2023-10-08,529,VIP,O,Avante (CN7 N),준중형,세단,휘발유,2025-02-01,1분기,주말,47,29,38850000,현금,온라인,5,0.016,0.497
242,박민수,1982-08-24,43,40대,여,032-655-9227,xgim@nate.com,개인,서울특별시 강남구 역삼동 123-45,서울특별시,15533,gyeonghyi14,2024-10-11,160,VIP,X,G80 (RG3),대형,세단,휘발유,2024-02-09,1분기,평일,405,42,85030000,현금,온라인,4,0.102,0.12
243,노지훈,1974-10-12,51,50대,여,061-910-6439,misug04@hotmail.com,개인,경기도 성남시 분당구 정자동 56-78,경기도 성남시,6467,sujin21,2023-03-30,721,VIP,O,NEXO (FE),중형,SUV,수소,2023-08-07,3분기,평일,591,49,70060000,신용카드,오프라인,3,0.006,0.407
244,권민서,1963-12-17,62,60대,남,017-025-2354,gimjunseo@hanmail.net,개인,울산광역시 남구 달동 23-5,울산광역시,1041,dim,2022-12-06,835,신규,O,G70 (IK),중형,세단,휘발유,2025-01-01,1분기,평일,78,62,48890000,현금,온라인,1,0.005,0.157
245,최상철,1983-04-17,42,40대,남,055-078-4271,gimeunjeong@dreamwiz.com,개인,서울특별시 종로구 청운동 67-89,서울특별시,15533,bagdoyun,2025-01-02,77,VIP,X,G70 (IK),중형,세단,휘발유,2024-09-25,3분기,평일,176,41,47950000,신용카드,온라인,3,0.066,0.043
246,최중수,1986-12-26,39,30대,여,041-417-0559,yi@yuhanhoesa.com,개인,경기도 성남시 분당구 정자동 56-78,경기도 성남시,6467,hyeonjun76,2024-10-02,169,일반,X,Avante (CN7 N),준중형,세단,휘발유,2024-06-19,2분기,평일,274,38,37930000,신용카드,오프라인,1,0.016,0.032
247,임진우,1969-01-06,56,50대,남,063-090-5344,hwangjeongho@ju.com,개인,전라북도 전주시 완산구 덕진동 33-7,전라북도 전주시,3099,obag,2022-08-07,956,신규,O,G70 (IK),중형,세단,휘발유,2025-02-08,1분기,주말,40,56,45200000,현금,오프라인,1,0.002,0.18
248,나선영,1975-07-01,50,50대,여,033-680-3642,jiyeongim@jogim.com,개인,충청북도 청주시 상당구 낙실동 9-1,충청북도 청주시,907,songseoyun,2023-04-28,692,일반,O,Santa-Fe ™,중형,SUV,디젤,2023-12-07,4분기,평일,469,48,51310000,현금,온라인,1,0.005,0.13
249,이정식,1959-05-12,66,60대,여,052-926-0479,jiyeong90@hagim.com,개인,경상남도 창원시 의창구 봉곡동 48-6,경상남도 창원시,1338,gimjeongsig,2023-04-09,711,VIP,O,G80 (RG3),대형,세단,휘발유,2024-12-15,4분기,주말,95,65,87780000,신용카드,오프라인,3,0.012,0.401
250,김정숙,1972-04-08,53,50대,남,061-830-4047,jimingim@yuhanhoesa.net,개인,서울특별시 강남구 역삼동 123-45,서울특별시,15533,fgim,2022-04-30,1055,VIP,O,G80 (RG3),대형,세단,휘발유,2024-11-24,4분기,주말,116,52,84410000,계좌이체,오프라인,2,0.008,0.397
251,송수빈,1959-08-02,66,60대,여,018-230-7846,caeweon00@yu.kr,개인,경기도 수원시 영통구 원천동 12-34,경기도 수원시,9879,sangceolgim,2024-09-04,197,VIP,X,Avante (CN7 N),준중형,세단,휘발유,2024-07-24,3분기,평일,239,65,38740000,신용카드,온라인,2,0.033,0.074
252,강승현,1986-05-25,39,30대,남,055-686-9236,yujinjang@yungang.com,개인,부산광역시 해운대구 우동 101-12,부산광역시,4258,gimhyeonsug,2022-03-24,1092,VIP,O,G70 (IK),중형,세단,휘발유,2025-02-16,1분기,주말,32,39,45700000,신용카드,온라인,4,0.008,0.821
253,황준혁,1964-04-14,61,60대,여,032-823-3485,gca@hanmail.net,개인,광주광역시 서구 치평동 14-7,광주광역시,2921,gbag,2024-04-04,350,VIP,X,G70 (IK),중형,세단,휘발유,2023-08-28,3분기,평일,570,59,50980000,계좌이체,오프라인,2,0.014,0.132
254,장건우,1981-05-10,44,40대,남,070-8106-6622,seungminno@nate.com,개인,대전광역시 유성구 봉명동 44-2,대전광역시,2731,jiweoni,2025-01-09,70,VIP,X,NEXO (FE),중형,SUV,수소,2023-05-09,2분기,평일,681,42,69740000,계좌이체,오프라인,4,0.108,0.053
255,김지은,1972-03-12,53,50대,여,055-340-2117,sumin11@gimi.com,개인,충청북도 청주시 상당구 낙실동 9-1,충청북도 청주시,907,sanghunhwang,2022-10-30,872,VIP,O,G80 (RG3),대형,세단,휘발유,2023-07-30,3분기,주말,599,51,85090000,신용카드,온라인,3,0.007,0.492
256,서춘자,1969-05-19,56,50대,여,018-896-9405,fgim@dreamwiz.com,개인,서울특별시 종로구 청운동 67-89,서울특별시,15533,obag,2022-09-13,919,일반,O,G70 (IK),중형,세단,휘발유,2023-04-23,2분기,주말,697,54,50230000,신용카드,온라인,1,0.002,0.173
257,윤병철,1966-05-04,59,50대,여,042-205-5394,wyu@gmail.com,개인,경기도 성남시 분당구 정자동 56-78,경기도 성남시,6467,yeongceol55,2025-02-03,45,일반,X,G80 (RG3),대형,세단,휘발유,2024-06-24,2분기,평일,269,58,89030000,계좌이체,온라인,1,0.05,0.008
258,서서현,1983-10-08,42,40대,여,019-905-9908,gimjihye@yu.kr,개인,서울특별시 강남구 역삼동 123-45,서울특별시,15533,nhwang,2025-03-11,9,VIP,X,Santa-Fe ™,중형,SUV,디젤,2025-02-26,1분기,평일,22,42,45700000,현금,온라인,5,1.0,0.008
259,오옥자,2002-07-29,23,20대,여,032-529-6473,hanyeweon@daum.net,개인,전라남도 목포시 부주동 77-8,전라남도 목포시,4093,hyeonjun11,2025-01-20,59,일반,X,Avante (CN7 N),준중형,세단,휘발유,2023-06-22,2분기,평일,637,21,34650000,계좌이체,온라인,1,0.049,0.011
260,박건우,1990-12-09,35,30대,남,062-698-5201,kgim@yu.org,개인,전라남도 목포시 부주동 77-8,전라남도 목포시,4093,mgang,2023-02-16,763,VIP,O,Santa-Fe ™,중형,SUV,디젤,2024-07-16,3분기,평일,247,34,37520000,현금,오프라인,5,0.025,0.717
261,허경수,1983-03-05,42,40대,여,063-010-5636,hayungo@yuhanhoesa.com,개인,경기도 성남시 분당구 정자동 56-78,경기도 성남시,6467,gimsanghyeon,2023-04-02,718,일반,O,G80 (RG3),대형,세단,휘발유,2023-08-08,3분기,평일,590,40,84710000,현금,온라인,1,0.005,0.135
262,박도윤,1966-01-12,59,50대,여,031-878-5882,sujin49@yunigim.com,개인,경기도 성남시 분당구 정자동 56-78,경기도 성남시,6467,jeongsugang,2022-07-12,982,VIP,O,Avante (CN7 N),준중형,세단,휘발유,2024-10-18,4분기,평일,153,58,33840000,신용카드,온라인,5,0.011,0.923
263,윤현지,1960-07-13,65,60대,남,010-1347-0188,yeongja88@nate.com,개인,서울특별시 종로구 청운동 67-89,서울특별시,15533,xson,2023-05-04,686,VIP,O,NEXO (FE),중형,SUV,수소,2024-11-13,4분기,평일,127,64,70470000,신용카드,온라인,5,0.014,0.645
264,오승현,1984-11-30,41,40대,여,017-025-3428,seoyeong20@nate.com,개인,경기도 수원시 영통구 원천동 12-34,경기도 수원시,9879,hyeonugang,2023-01-29,781,VIP,O,G80 (RG3),대형,세단,휘발유,2025-01-18,1분기,주말,61,41,89220000,현금,오프라인,2,0.006,0.294
265,권재호,1954-04-06,71,70대,남,032-825-6328,sunja41@jusighoesa.com,개인,전라남도 목포시 부주동 77-8,전라남도 목포시,4093,jeongyeji,2025-02-11,37,VIP,X,NEXO (FE),중형,SUV,수소,2024-12-23,4분기,평일,87,70,71190000,신용카드,오프라인,3,0.301,0.021
266,류경숙,1956-01-22,69,60대,여,044-331-3217,ominjae@daum.net,개인,경상남도 창원시 의창구 봉곡동 48-6,경상남도 창원시,1338,seoyun45,2023-07-28,601,VIP,O,G70 (IK),중형,세단,휘발유,2024-09-09,3분기,평일,192,68,44740000,현금,온라인,3,0.009,0.339
267,노상훈,1958-03-21,67,60대,남,043-859-3755,seoyuncoe@ju.com,개인,부산광역시 해운대구 우동 101-12,부산광역시,4258,xgim,2023-03-03,748,VIP,O,Avante (CN7 N),준중형,세단,휘발유,2024-03-15,1분기,평일,370,66,41320000,계좌이체,오프라인,5,0.01,0.703
268,양지훈,2003-11-14,22,20대,남,051-075-1587,jeongeunjeong@yu.com,개인,경기도 수원시 영통구 원천동 12-34,경기도 수원시,9879,mbag,2024-08-31,201,VIP,X,G70 (IK),중형,세단,휘발유,2024-04-10,2분기,평일,344,21,48560000,신용카드,오프라인,5,0.084,0.189
269,박지민,1975-10-13,50,50대,남,054-964-0514,xi@gmail.com,개인,전라북도 전주시 완산구 덕진동 33-7,전라북도 전주시,3099,jihun46,2022-06-28,996,VIP,O,G80 (RG3),대형,세단,휘발유,2024-11-09,4분기,주말,131,49,88390000,신용카드,온라인,5,0.009,0.936
270,박정훈,1985-07-18,40,40대,여,016-296-2255,ujin05@ju.com,개인,광주광역시 서구 치평동 14-7,광주광역시,2921,gangyeongsig,2022-04-28,1057,VIP,O,NEXO (FE),중형,SUV,수소,2024-07-02,3분기,평일,261,39,70120000,계좌이체,온라인,5,0.019,0.993
271,최영일,1977-05-21,48,40대,여,064-720-8444,jihye76@daum.net,개인,충청남도 천안시 동남구 성성동 22-3,충청남도 천안시,1036,bagjeonghun,2024-10-03,168,VIP,X,Avante (CN7 N),준중형,세단,휘발유,2024-01-22,1분기,평일,423,47,34910000,현금,오프라인,3,0.029,0.095
272,곽도윤,1955-03-14,70,70대,여,062-521-4695,bagseojun@dreamwiz.com,개인,경상북도 포항시 남구 대도동 19-2,경상북도 포항시,436,ygo,2023-07-29,600,VIP,X,G80 (RG3),대형,세단,휘발유,2023-04-18,2분기,평일,702,68,84800000,계좌이체,온라인,2,0.009,0.226
273,양은주,1999-02-28,26,20대,남,053-833-2005,cyun@hanmail.net,개인,서울특별시 강남구 역삼동 123-45,서울특별시,15533,rjang,2022-03-18,1098,일반,O,G80 (RG3),대형,세단,휘발유,2023-07-19,3분기,평일,610,24,85700000,계좌이체,온라인,1,0.001,0.206
274,김영식,1982-07-15,43,40대,남,042-839-6549,dgim@bagbaggim.kr,개인,광주광역시 서구 치평동 14-7,광주광역시,2921,ihyeonji,2023-10-08,529,VIP,O,Santa-Fe ™,중형,SUV,디젤,2024-01-07,1분기,주말,438,42,43440000,현금,온라인,2,0.011,0.199
275,장지현,1969-12-24,56,50대,여,044-634-4611,donghyeon73@nate.com,개인,경기도 성남시 분당구 정자동 56-78,경기도 성남시,6467,byeongceoljang,2023-07-14,615,VIP,O,Santa-Fe ™,중형,SUV,디젤,2024-10-25,4분기,평일,146,55,40640000,현금,온라인,3,0.009,0.347
276,김영숙,1962-01-28,63,60대,여,041-558-6978,eungyeonghan@yuhanhoesa.com,개인,서울특별시 종로구 청운동 67-89,서울특별시,15533,jgim,2023-06-05,654,VIP,O,G70 (IK),중형,세단,휘발유,2023-12-14,4분기,평일,462,61,45400000,현금,오프라인,2,0.01,0.246
277,홍영철,1964-12-10,61,60대,여,017-267-0446,bagjihu@gimcoe.com,개인,서울특별시 강남구 역삼동 123-45,서울특별시,15533,gimseohyeon,2024-02-18,396,VIP,O,G80 (RG3),대형,세단,휘발유,2024-06-03,2분기,평일,290,60,83300000,현금,온라인,5,0.029,0.372
278,박상철,1997-01-18,28,20대,여,055-438-8408,kji@naver.com,개인,충청북도 청주시 상당구 낙실동 9-1,충청북도 청주시,907,iyeongho,2024-05-26,298,VIP,X,G70 (IK),중형,세단,휘발유,2024-01-19,1분기,평일,426,27,44490000,신용카드,온라인,3,0.017,0.168
279,이영희,1999-12-03,26,20대,여,017-626-0398,obag@daum.net,개인,인천광역시 남동구 구월동 88-10,인천광역시,2820,minjaesin,2022-07-10,984,VIP,O,Santa-Fe ™,중형,SUV,디젤,2023-12-27,4분기,평일,449,24,44530000,현금,오프라인,3,0.011,0.555
280,박영일,1990-06-02,35,30대,여,018-747-7038,ogim@jusighoesa.com,개인,경상북도 포항시 남구 대도동 19-2,경상북도 포항시,436,sunja59,2023-05-08,682,VIP,O,G70 (IK),중형,세단,휘발유,2024-04-12,2분기,평일,342,34,50080000,계좌이체,오프라인,2,0.01,0.256
281,최유진,1975-01-29,50,50대,남,010-8612-4722,jeongnami@dreamwiz.com,개인,광주광역시 서구 치평동 14-7,광주광역시,2921,nson,2024-08-29,203,VIP,X,G80 (RG3),대형,세단,휘발유,2023-06-04,2분기,주말,655,48,82860000,신용카드,온라인,4,0.034,0.153
282,김지민,1961-02-06,64,60대,여,011-053-0263,cson@ju.net,개인,충청북도 청주시 상당구 낙실동 9-1,충청북도 청주시,907,songseongjin,2025-01-11,68,VIP,X,G70 (IK),중형,세단,휘발유,2023-03-13,1분기,평일,738,62,50110000,계좌이체,오프라인,5,0.193,0.064
283,한옥순,1958-06-16,67,60대,남,070-2258-4070,fbag@gmail.com,개인,경상북도 포항시 남구 대도동 19-2,경상북도 포항시,436,seoyun92,2022-03-31,1085,VIP,O,Santa-Fe ™,중형,SUV,디젤,2023-10-27,4분기,평일,510,65,43570000,계좌이체,온라인,4,0.012,0.816
284,최옥순,1978-10-17,47,40대,여,070-4742-4824,jeongungu@ju.com,개인,대전광역시 유성구 봉명동 44-2,대전광역시,2731,baeggyeongja,2023-08-13,585,VIP,O,Santa-Fe ™,중형,SUV,디젤,2024-05-17,2분기,평일,307,46,36890000,신용카드,온라인,2,0.01,0.22
285,이예진,1973-06-05,52,50대,남,031-240-3953,seojun19@daum.net,개인,서울특별시 종로구 청운동 67-89,서울특별시,15533,mjo,2022-07-13,981,VIP,O,NEXO (FE),중형,SUV,수소,2023-12-31,4분기,주말,445,50,72090000,계좌이체,온라인,4,0.007,0.738
286,노예은,1981-06-21,44,40대,남,019-021-0653,jieunbag@gmail.com,개인,광주광역시 서구 치평동 14-7,광주광역시,2921,kgim,2023-06-20,639,일반,O,G80 (RG3),대형,세단,휘발유,2024-01-31,1분기,평일,414,43,89230000,계좌이체,오프라인,1,0.003,0.12
287,최영길,1984-05-27,41,40대,남,053-283-1629,jaeho60@ju.com,개인,대구광역시 수성구 범어동 55-3,대구광역시,2666,yeongsigi,2022-05-11,1044,VIP,O,Santa-Fe ™,중형,SUV,디젤,2024-06-05,2분기,평일,288,40,39070000,현금,온라인,4,0.014,0.785
288,신시우,1958-07-11,67,60대,여,042-207-6955,gyeonghyi78@gmail.com,개인,전라북도 전주시 완산구 덕진동 33-7,전라북도 전주시,3099,jihungim,2023-03-06,745,VIP,O,G80 (RG3),대형,세단,휘발유,2024-12-20,4분기,평일,90,66,87080000,신용카드,온라인,2,0.011,0.28
289,최춘자,1976-06-27,49,40대,여,031-170-7739,hancunja@yu.kr,개인,충청남도 천안시 동남구 성성동 22-3,충청남도 천안시,1036,jinho50,2024-08-26,206,VIP,X,Avante (CN7 N),준중형,세단,휘발유,2023-08-24,3분기,평일,574,47,34490000,현금,오프라인,3,0.047,0.116
290,차서준,1968-01-22,57,50대,여,064-741-3740,qgim@simryujo.com,개인,경상남도 창원시 의창구 봉곡동 48-6,경상남도 창원시,1338,jihun41,2023-01-02,808,VIP,O,NEXO (FE),중형,SUV,수소,2024-01-12,1분기,평일,433,56,69570000,계좌이체,온라인,2,0.005,0.304
291,안정희,1984-01-10,41,40대,남,051-406-1803,donghyeonbae@joyunson.com,개인,대구광역시 수성구 범어동 55-3,대구광역시,2666,yeongil47,2023-04-08,712,VIP,O,G80 (RG3),대형,세단,휘발유,2024-01-30,1분기,평일,415,40,88910000,현금,온라인,2,0.006,0.268
292,최민수,1960-06-24,65,60대,여,041-028-3477,ihyejin@jusighoesa.kr,개인,전라남도 목포시 부주동 77-8,전라남도 목포시,4093,gyeongsugson,2022-11-08,863,VIP,O,G80 (RG3),대형,세단,휘발유,2024-06-28,2분기,평일,265,64,83430000,현금,오프라인,5,0.012,0.811
